price,room_count,sq_meters,apartment_floor,area,total_floors,building_age
64000,2.0,66.0,5.0,Poilsio,5.0,34.0
37500,1.0,30.0,3.0,Sportininkuose,4.0,53.0
70000,3.0,64.0,3.0,Naujakiemyje,5.0,49.0
67770,1.0,37.0,2.0,Centre,3.0,64.0
95000,2.0,64.0,7.0,Vėtrungėje,3.0,13.0
159000,4.0,170.0,3.0,Centre,3.0,93.0
64000,2.0,48.0,7.0,Vingio,9.0,38.0
53000,2.0,50.0,6.0,Žardininkuose,9.0,42.0
93000,3.0,52.58,2.0,Centre,2.0,31.0
89999,1.0,36.35,2.0,Senamiestyje,4.0,2.0
95000,2.0,49.5,1.0,Centre,4.0,1.0
70000,1.0,36.9,9.0,Debrecene,1.0,46.0
107000,2.0,90.0,2.0,Senamiestyje,2.0,4.0
114000,3.0,78.0,3.0,Tauralaukyje,4.0,10.0
87000,3.0,67.0,7.0,Alksnynėje,1.0,43.0
28500,1.0,22.04,4.0,Kauno,5.0,49.0
59900,3.0,61.0,4.0,Debrecene,5.0,50.0
250000,3.0,90.0,7.0,Vitėje,9.0,15.0
63000,3.0,69.0,7.0,Žardininkuose,9.0,45.0
57000,3.0,78.0,5.0,Laukininkuose,9.0,37.0
62000,3.0,69.0,7.0,Vingio,9.0,40.0
159000,4.0,170.0,3.0,Centre,3.0,93.0
65000,3.0,65.0,3.0,Alksnynėje,5.0,27.0
175000,4.0,105.0,2.0,Centre,5.0,12.0
69000,2.0,54.0,9.0,Baltijos,1.0,16.0
70000,3.0,65.0,8.0,Naujakiemyje,9.0,45.0
114000,2.0,42.0,1.0,Senamiestyje,5.0,2.0
55000,3.0,77.0,2.0,Bandužiuose,9.0,34.0
131000,3.0,97.19,4.0,Vėtrungėje,2.0,12.0
60000,4.0,77.78,3.0,Baltijos,5.0,34.0
45000,2.0,54.0,5.0,Bandužiuose,5.0,28.0
79999,2.0,43.0,1.0,Centre,2.0,101.0
62600,3.0,64.25,1.0,Alksnynėje,9.0,44.0
63000,3.0,72.0,2.0,Baltijos,5.0,51.0
84000,3.0,65.42,4.0,Poilsio,5.0,34.0
85000,4.0,91.0,4.0,Poilsio,5.0,23.0
46000,2.0,52.0,5.0,Šilutėje,5.0,51.0
63000,2.0,38.0,2.0,Centre,5.0,58.0
56500,3.0,6152.0,9.0,Debrecene,9.0,50.0
60900,3.0,78.0,4.0,Bandužiuose,5.0,34.0
71900,3.0,78.0,5.0,Varpuose,5.0,24.0
46500,2.0,39.0,4.0,Žvejybos uostas,4.0,61.0
127000,5.0,113.0,3.0,Centre,3.0,85.0
42500,2.0,50.0,5.0,Vingio,9.0,44.0
53900,3.0,56.0,5.0,Kauno,5.0,55.0
57000,2.0,51.0,1.0,Žvejybos uostas,5.0,40.0
103840,2.0,64.0,7.0,Alksnynėje,2.0,12.0
122000,3.0,63.0,1.0,Paupiuose,3.0,5.0
75999,4.0,90.0,1.0,Laukininkuose,9.0,33.0
46900,2.0,55.0,5.0,Varpuose,5.0,26.0
77000,3.0,50.0,4.0,Kauno,4.0,1.0
135000,3.0,62.0,4.0,Mažojo kaimelio,5.0,4.0
63000,3.0,40.0,4.0,Kauno,4.0,1.0
115000,2.0,53.0,1.0,Mažojo kaimelio,5.0,3.0
82000,3.0,56.0,2.0,Kauno,4.0,1.0
92000,3.0,55.0,3.0,Kauno,4.0,1.0
45000,1.0,44.0,2.0,Bandužiuose,5.0,31.0
68000,3.0,60.0,4.0,Debrecene,5.0,49.0
56000,2.0,48.0,5.0,Žvejybos uostas,5.0,47.0
40000,1.0,44.0,5.0,Bandužiuose,5.0,32.0
54000,2.0,49.0,6.0,Žvejybos uostas,9.0,42.0
103840,2.0,65.0,7.0,Alksnynėje,2.0,12.0
57000,2.0,51.0,1.0,Žvejybos uostas,5.0,40.0
43500,2.0,50.0,5.0,Vingio,9.0,44.0
46500,2.0,39.0,4.0,Žvejybos uostas,4.0,61.0
89999,1.0,37.0,2.0,Senamiestyje,5.0,3.0
87000,4.0,89.0,3.0,Laukininkuose,5.0,32.0
66500,2.0,55.0,1.0,Bandužiuose,9.0,33.0
50000,2.0,38.0,5.0,Centre,4.0,59.0
50000,2.0,38.0,5.0,Centre,5.0,59.0
116900,3.0,76.54,2.0,Mažojo kaimelio,4.0,12.0
86000,4.0,72.0,4.0,Miško,5.0,51.0
125000,3.0,85.0,4.0,Tauralaukyje,5.0,8.0
50000,3.0,50.29,2.0,Tauralaukyje,2.0,56.0
69000,3.0,68.0,2.0,Žvejybos uostas,3.0,69.0
47500,2.0,44.82,1.0,Baltijos,5.0,53.0
59900,3.0,64.0,4.0,Debrecene,5.0,50.0
50000,2.0,52.0,6.0,Baltijos,9.0,52.0
75000,2.0,57.0,2.0,Alksnynėje,5.0,15.0
76000,3.0,64.0,2.0,Žardininkuose,9.0,46.0
100000,2.0,55.0,2.0,Mažojo kaimelio,4.0,6.0
58000,2.0,6141.0,4.0,Bandužiuose,5.0,34.0
48800,2.0,46.0,5.0,Kauno,5.0,54.0
59999,3.0,78.0,8.0,Laukininkuose,9.0,36.0
55500,2.0,47.0,5.0,Naujakiemyje,5.0,48.0
49900,1.0,43.0,9.0,Bandužiuose,9.0,34.0
95000,3.0,51.0,1.0,Senamiestyje,4.0,59.0
91000,3.0,66.0,7.0,Naujakiemyje,1.0,43.0
45000,2.0,48.0,5.0,Kauno,5.0,55.0
49000,1.0,44.0,3.0,Centre,9.0,31.0
61500,3.0,63.0,1.0,Alksnynėje,5.0,29.0
39000,1.0,30.0,5.0,Mokyklos,5.0,57.0
46500,2.0,50.0,8.0,Debrecene,9.0,47.0
115000,3.0,60.0,3.0,Varpuose,7.0,1.0
103840,2.0,65.0,7.0,Alksnynėje,2.0,12.0
85000,1.0,37.02,3.0,Senamiestyje,3.0,91.0
115000,3.0,60.0,3.0,Varpuose,7.0,1.0
46500,2.0,49.61,8.0,Naujakiemyje,9.0,47.0
95000,3.0,78.0,3.0,Plytinėje,3.0,1.0
95000,3.0,50.0,1.0,Centre,4.0,59.0
88000,2.0,96.0,4.0,Žvejybos uostas,4.0,65.0
57000,2.0,51.0,1.0,Žvejybos uostas,5.0,40.0
66500,2.0,54.0,1.0,Bandužiuose,9.0,33.0
103840,2.0,64.9,7.0,Alksnynėje,2.0,12.0
68000,3.0,76.0,9.0,Laukininkuose,9.0,23.0
60000,4.0,88.0,5.0,Bandužiuose,9.0,34.0
153000,3.0,86.7,3.0,Senamiestyje,4.0,62.0
39999,1.0,29.0,5.0,Kauno,5.0,54.0
56000,2.0,49.51,1.0,Kauno,5.0,54.0
39500,2.0,33.0,1.0,Sportininkuose,2.0,45.0
95000,3.0,50.06,1.0,Senamiestyje,4.0,59.0
79000,3.0,79.0,3.0,Rumpiškėse,1.0,31.0
58000,3.0,78.0,4.0,Laukininkuose,9.0,31.0
75000,2.0,45.0,3.0,Alksnynėje,9.0,7.0
143340,3.0,66.67,1.0,Klaipėdoje,5.0,1.0
134400,3.0,62.53,2.0,Klaipėdoje,5.0,1.0
137300,3.0,63.86,4.0,Klaipėdoje,5.0,1.0
71900,3.0,78.0,5.0,Varpuose,5.0,24.0
75000,3.0,77.0,8.0,Gedminuose,9.0,26.0
115000,2.0,60.0,3.0,Gedminuose,7.0,1.0
40000,1.0,44.0,5.0,Bandužiuose,5.0,32.0
74000,2.0,53.0,3.0,Debrecene,9.0,32.0
66500,2.0,54.53,1.0,Bandužiuose,9.0,33.0
87000,2.0,37.0,5.0,Centre,5.0,60.0
88000,2.0,56.0,4.0,Žvejybos uostas,4.0,65.0
66500,2.0,55.0,1.0,Bandužiuose,9.0,33.0
68000,3.0,76.0,9.0,Laukininkuose,9.0,23.0
43800,2.0,35.0,4.0,Kauno,5.0,53.0
58000,4.0,90.0,1.0,Bandužiuose,9.0,31.0
66500,2.0,54.53,1.0,Vingio,9.0,33.0
96999,2.0,51.0,5.0,Centre,5.0,5.0
108000,3.0,78.0,5.0,Alksnynėje,9.0,10.0
49500,2.0,47.0,3.0,Vingio,5.0,35.0
55000,2.0,55.0,9.0,Laukininkuose,9.0,36.0
53500,2.0,49.0,5.0,Vingio,5.0,40.0
52000,2.0,46.0,1.0,Kauno,5.0,54.0
73000,2.0,52.0,4.0,Alksnynėje,5.0,44.0
49900,2.0,47.0,4.0,Kauno,5.0,54.0
79900,2.0,55.0,2.0,Senamiestyje,3.0,85.0
46000,2.0,46.0,4.0,Kauno,5.0,53.0
53900,2.0,49.0,1.0,Vingio,9.0,43.0
58000,2.0,54.0,2.0,Bandužiuose,9.0,31.0
64000,2.0,48.0,7.0,Vingio,9.0,38.0
46900,2.0,54.0,5.0,Varpuose,5.0,26.0
51000,2.0,55.0,3.0,Bandužiuose,5.0,30.0
55000,2.0,60.0,1.0,Bandužiuose,5.0,31.0
72000,2.0,70.0,1.0,Mažojo kaimelio,3.0,109.0
55000,2.0,45.0,5.0,Centre,5.0,51.0
58000,2.0,58.0,3.0,Žvejybos uostas,3.0,70.0
81000,2.0,63.0,4.0,Varpuose,5.0,15.0
53000,2.0,61.0,4.0,Bandužiuose,5.0,27.0
60000,2.0,52.0,5.0,Alksnynėje,5.0,41.0
96000,2.0,50.0,1.0,Vėtrungėje,5.0,12.0
60000,2.0,50.0,6.0,Debrecene,9.0,44.0
65300,2.0,52.0,1.0,Alksnynėje,5.0,25.0
59000,2.0,53.0,9.0,Baltijos,9.0,48.0
65000,2.0,39.0,5.0,Centre,5.0,57.0
94900,2.0,46.0,3.0,Senamiestyje,4.0,91.0
55000,2.0,45.0,5.0,Vėtrungėje,5.0,55.0
75000,2.0,35.0,1.0,Centre,4.0,64.0
39000,2.0,38.0,5.0,Vėtrungėje,5.0,48.0
54000,2.0,48.0,6.0,Žvejybos uostas,9.0,40.0
56000,2.0,47.0,5.0,Baltijos,5.0,41.0
74000,2.0,47.0,1.0,Varpuose,9.0,15.0
90000,2.0,65.0,6.0,Vėtrungėje,3.0,11.0
117000,2.0,54.0,2.0,Senamiestyje,3.0,44.0
63000,2.0,43.0,1.0,Centre,4.0,54.0
40000,2.0,44.0,4.0,Žvejybos uostas,4.0,61.0
70000,2.0,45.0,3.0,Centre,3.0,89.0
48000,2.0,55.0,6.0,Bandužiuose,9.0,32.0
58000,2.0,63.0,4.0,Bandužiuose,5.0,35.0
115000,2.0,53.5,2.0,Klaipėdoje,5.0,1.0
67000,2.0,54.0,9.0,Baltijos,1.0,19.0
97000,2.0,60.0,2.0,Miško,5.0,5.0
26000,2.0,44.0,2.0,Debrecene,5.0,43.0
77000,3.0,50.25,4.0,Kauno,4.0,1.0
74000,2.0,50.48,4.0,Kauno,4.0,1.0
59000,2.0,39.69,4.0,Kauno,4.0,1.0
36500,2.0,45.0,2.0,Rimkuose,2.0,64.0
58000,3.0,62.0,4.0,Naujakiemyje,5.0,46.0
40900,1.0,44.0,5.0,Bandužiuose,5.0,32.0
60500,4.0,88.0,5.0,Bandužiuose,9.0,33.0
91500,2.0,57.0,5.0,Centre,5.0,15.0
99999,2.0,55.0,4.0,Senamiestyje,4.0,47.0
115000,3.0,60.0,3.0,Varpuose,7.0,1.0
115000,3.0,60.0,3.0,Varpuose,7.0,1.0
74000,2.0,53.0,3.0,Debrecene,9.0,32.0
83000,2.0,35.0,2.0,Centre,3.0,96.0
68000,3.0,78.0,9.0,Laukininkuose,9.0,23.0
74000,2.0,47.0,1.0,Varpuose,9.0,15.0
66500,3.0,61.0,3.0,Žardininkuose,5.0,42.0
63000,2.0,43.0,1.0,Centre,4.0,54.0
40000,2.0,44.0,4.0,Žvejybos uostas,4.0,61.0
70000,2.0,45.0,3.0,Centre,3.0,89.0
66000,3.0,64.0,3.0,Žardininkuose,5.0,44.0
48000,2.0,55.0,6.0,Bandužiuose,9.0,32.0
58000,2.0,63.0,4.0,Bandužiuose,5.0,35.0
107000,2.0,66.0,3.0,Vėtrungėje,7.0,16.0
59400,2.0,54.0,4.0,Vėtrungėje,5.0,39.0
43500,2.0,50.0,5.0,Vingio,9.0,41.0
53500,2.0,53.0,5.0,Laukininkuose,5.0,38.0
52000,2.0,49.0,1.0,Kauno,5.0,53.0
62000,2.0,61.0,4.0,Varpuose,5.0,28.0
55000,2.0,60.0,1.0,Varpuose,1.0,24.0
81000,2.0,63.0,4.0,Varpuose,5.0,15.0
102000,2.0,41.0,2.0,Senamiestyje,3.0,5.0
86000,2.0,56.0,5.0,Žvejybos uostas,1.0,16.0
88000,2.0,57.0,3.0,Paupiuose,3.0,4.0
65000,4.0,79.75,4.0,Žvejybos uostas,5.0,43.0
44900,2.0,35.0,4.0,Kauno,5.0,53.0
57000,3.0,64.0,1.0,Klaipėdoje,9.0,38.0
96800,3.0,64.2,4.0,Klaipėdoje,4.0,14.0
119000,3.0,75.0,1.0,Tauralaukyje,2.0,12.0
71500,3.0,64.0,1.0,Žardininkuose,9.0,43.0
50999,2.0,46.94,4.0,Kauno,5.0,54.0
69000,3.0,64.0,4.0,Žardininkuose,5.0,44.0
135000,4.0,88.0,7.0,Klaipėdoje,7.0,15.0
54000,2.0,50.0,9.0,Žardininkuose,2.0,44.0
51000,2.0,48.0,6.0,Žvejybos uostas,9.0,40.0
127000,2.0,63.0,2.0,Miško,5.0,3.0
65000,4.0,62.0,4.0,Kauno,5.0,55.0
56000,3.0,69.59,4.0,Klaipėdoje,9.0,39.0
50000,1.0,44.0,4.0,Varpuose,1.0,31.0
70000,2.0,51.0,3.0,Kauno,5.0,52.0
59500,3.0,59.0,2.0,Žvejybos uostas,3.0,61.0
88000,4.0,72.0,4.0,Miško,5.0,51.0
250000,4.0,95.0,7.0,Centre,1.0,14.0
63000,3.0,56.0,4.0,Paupiuose,4.0,42.0
79999,3.0,65.0,5.0,Kauno,5.0,52.0
90000,2.0,45.0,1.0,Tauralaukyje,4.0,3.0
59999,3.0,60.72,4.0,Šiauliuose,5.0,46.0
57000,3.0,76.0,5.0,Varpuose,5.0,28.0
123000,3.0,79.0,6.0,Alksnynėje,9.0,13.0
47000,3.0,64.0,4.0,Baltijos,9.0,51.0
127000,3.0,85.0,6.0,Vėtrungėje,7.0,15.0
62500,3.0,58.77,2.0,Naujakiemyje,5.0,46.0
98000,4.0,85.0,2.0,Kauno,5.0,53.0
27800,1.0,26.1,5.0,Baltijos,5.0,53.0
93000,3.0,65.0,2.0,Rumpiškėse,4.0,2.0
77000,4.0,78.0,3.0,Alksnynėje,5.0,39.0
62000,2.0,42.0,4.0,Miško,5.0,53.0
53900,2.0,55.0,8.0,Laukininkuose,9.0,35.0
50000,2.0,55.0,6.0,Baltijos,9.0,54.0
67500,3.0,61.0,2.0,Naujakiemyje,5.0,43.0
49000,2.0,47.0,1.0,Klaipėdoje,5.0,37.0
62000,3.0,71.85,2.0,Debrecene,5.0,51.0
109000,3.0,65.0,1.0,Vėtrungėje,7.0,14.0
53000,2.0,54.45,2.0,Klaipėdoje,5.0,39.0
116900,3.0,76.0,2.0,Mažojo kaimelio,4.0,13.0
54900,2.0,55.0,3.0,Laukininkuose,5.0,37.0
130000,4.0,96.0,4.0,Kauno,6.0,15.0
75000,2.0,57.0,2.0,Alksnynėje,5.0,15.0
72000,2.0,49.0,3.0,Senamiestyje,3.0,85.0
59000,2.0,48.0,5.0,Žardininkuose,5.0,42.0
59000,2.0,43.0,4.0,Centre,4.0,59.0
47000,2.0,55.0,5.0,Žardininkuose,5.0,44.0
59990,2.0,53.0,5.0,Vėtrungėje,5.0,33.0
55500,2.0,47.0,5.0,Naujakiemyje,5.0,48.0
83000,2.0,35.0,2.0,Centre,3.0,96.0
51000,2.0,55.0,3.0,Bandužiuose,5.0,30.0
62900,3.0,76.0,5.0,Varpuose,5.0,27.0
48800,2.0,47.0,5.0,Kauno,5.0,54.0
37500,1.0,30.0,3.0,Sportininkuose,4.0,53.0
80000,2.0,35.0,2.0,Senamiestyje,3.0,96.0
79900,2.0,43.0,1.0,Centre,2.0,101.0
51000,2.0,32.0,2.0,Žardininkuose,9.0,42.0
39000,1.0,28.0,4.0,Centre,5.0,49.0
55500,2.0,47.27,5.0,Naujakiemyje,5.0,48.0
65000,3.0,50.38,3.0,Sportininkuose,4.0,60.0
37500,1.0,30.0,3.0,Sportininkuose,4.0,53.0
64000,2.0,48.0,7.0,Vingio,9.0,28.0
30000,1.0,27.0,5.0,Kauno,5.0,54.0
72000,3.0,77.0,2.0,Bandužiuose,5.0,31.0
97000,2.0,51.0,5.0,Centre,5.0,64.0
68500,4.0,70.0,1.0,Kauno,5.0,54.0
135000,4.0,88.0,7.0,Miško,7.0,15.0
62000,3.0,63.0,5.0,Naujakiemyje,5.0,49.0
68000,3.0,60.0,4.0,Debrecene,5.0,49.0
59999,2.0,63.0,4.0,Bandužiuose,5.0,33.0
42500,2.0,33.0,1.0,Sportininkuose,2.0,83.0
68000,4.0,90.0,1.0,Bandužiuose,5.0,33.0
45500,1.0,33.0,1.0,Miško,5.0,51.0
60000,4.0,88.0,5.0,Bandužiuose,9.0,34.0
99000,2.0,58.24,3.0,Paupiuose,3.0,5.0
117000,2.0,54.0,2.0,Senamiestyje,3.0,44.0
60000,3.0,64.0,5.0,Naujakiemyje,9.0,48.0
59400,2.0,54.0,4.0,Vėtrungėje,5.0,39.0
57000,2.0,48.0,5.0,Žardininkuose,5.0,42.0
59990,2.0,53.0,5.0,Vėtrungėje,5.0,33.0
59400,2.0,54.0,4.0,Centre,5.0,39.0
62500,2.0,52.0,5.0,Alksnynėje,5.0,27.0
97000,2.0,51.0,5.0,Senamiestyje,5.0,5.0
48000,2.0,45.0,2.0,Debrecene,5.0,53.0
55500,2.0,48.0,5.0,Naujakiemyje,5.0,48.0
53000,2.0,55.0,9.0,Laukininkuose,9.0,36.0
59990,2.0,53.0,5.0,Vėtrungėje,5.0,33.0
47000,2.0,55.33,5.0,Žardininkuose,5.0,44.0
59000,2.0,48.0,5.0,Žardininkuose,5.0,42.0
130000,4.0,96.0,4.0,Kauno,6.0,15.0
81000,2.0,63.0,4.0,Varpuose,5.0,15.0
58000,2.0,63.0,4.0,Bandužiuose,5.0,35.0
60000,2.0,50.0,6.0,Debrecene,9.0,44.0
62500,2.0,58.0,7.0,Bandužiuose,9.0,30.0
37999,1.0,30.0,4.0,Sportininkuose,4.0,54.0
60000,2.0,40.0,1.0,Melnragėje,2.0,62.0
95000,2.0,56.0,2.0,Paupiuose,3.0,7.0
79000,3.0,76.7,3.0,Bandužiuose,5.0,32.0
101000,3.0,103.0,3.0,Senamiestyje,3.0,82.0
63000,3.0,77.85,5.0,Bandužiuose,9.0,33.0
37500,1.0,30.0,3.0,Sportininkuose,4.0,53.0
90000,3.0,86.84,1.0,Miško,2.0,65.0
67770,1.0,37.0,2.0,Senamiestyje,3.0,64.0
97000,2.0,51.0,5.0,Centre,5.0,5.0
97000,2.0,51.0,5.0,Senamiestyje,5.0,5.0
15500,1.0,26.0,2.0,Tauralaukyje,3.0,34.0
38000,1.0,30.0,4.0,Sportininkuose,4.0,31.0
69000,3.0,64.0,4.0,Žardininkuose,5.0,42.0
159000,3.0,95.0,2.0,Mažojo kaimelio,9.0,8.0
189000,3.0,80.0,5.0,Senamiestyje,6.0,13.0
37500,1.0,30.0,3.0,Sportininkuose,4.0,53.0
62000,2.0,61.0,4.0,Laukininkuose,5.0,28.0
51000,2.0,32.0,2.0,Žardininkuose,9.0,42.0
59990,2.0,53.0,5.0,Vėtrungėje,5.0,33.0
69000,3.0,64.0,4.0,Žardininkuose,5.0,49.0
67770,1.0,36.0,2.0,Centre,3.0,64.0
48000,2.0,55.0,2.0,Bandužiuose,9.0,33.0
8500,1.0,18.0,2.0,Kauno,5.0,45.0
54000,2.0,55.0,3.0,Laukininkuose,5.0,37.0
46900,2.0,55.0,5.0,Varpuose,5.0,26.0
79900,2.0,43.0,1.0,Rumpiškėse,2.0,101.0
56500,3.0,78.0,3.0,Poilsio,5.0,34.0
44000,2.0,47.0,5.0,Žardininkuose,5.0,46.0
55000,2.0,55.0,2.0,Bandužiuose,9.0,32.0
72000,3.0,65.16,7.0,Debrecene,9.0,49.0
62000,2.0,47.0,3.0,Debrecene,5.0,50.0
49800,2.0,44.0,1.0,Baltijos,5.0,53.0
219000,3.0,84.0,4.0,Centre,4.0,4.0
26500,2.0,38.0,5.0,Debrecene,5.0,46.0
61500,3.0,63.0,1.0,Alksnynėje,5.0,29.0
26500,2.0,38.0,5.0,Debrecene,5.0,46.0
37500,1.0,30.0,3.0,Sportininkuose,4.0,53.0
25000,1.0,25.0,5.0,Debrecene,5.0,44.0
54500,2.0,53.9,5.0,Vėtrungėje,5.0,47.0
64500,3.0,52.7,5.0,Miško,5.0,56.0
75000,2.0,57.0,2.0,Alksnynėje,3.0,15.0
15500,1.0,18.0,2.0,Baltijos,5.0,46.0
65000,2.0,42.0,3.0,Centre,5.0,56.0
60000,3.0,63.0,5.0,Naujakiemyje,9.0,48.0
135000,4.0,88.0,7.0,Mažojo kaimelio,7.0,15.0
67770,2.0,37.0,2.0,Centre,3.0,64.0
54000,2.0,48.0,6.0,Žvejybos uostas,9.0,40.0
66000,3.0,64.0,8.0,Naujakiemyje,9.0,46.0
53900,3.0,55.45,5.0,Centre,5.0,57.0
131000,4.0,80.0,2.0,Senamiestyje,2.0,103.0
135000,2.0,63.0,2.0,Tauralaukyje,4.0,3.0
88000,2.0,57.0,1.0,Mažojo kaimelio,5.0,14.0
95000,3.0,70.0,1.0,Mažojo kaimelio,1.0,35.0
65000,3.0,76.0,1.0,Bandužiuose,5.0,31.0
73000,2.0,52.0,4.0,Alksnynėje,5.0,44.0
64000,2.0,64.0,7.0,Vingio,9.0,38.0
64000,2.0,64.0,7.0,Vingio,9.0,38.0
56000,2.0,56.0,5.0,Varpuose,1.0,26.0
62000,2.0,61.0,4.0,Varpuose,5.0,28.0
69000,3.0,64.0,4.0,Alksnynėje,5.0,49.0
67770,2.0,37.0,2.0,Centre,3.0,64.0
45000,1.0,42.95,2.0,Bandužiuose,5.0,33.0
120000,3.0,78.0,2.0,Centre,3.0,65.0
67770,1.0,37.0,2.0,Centre,3.0,64.0
81000,2.0,63.0,4.0,Varpuose,5.0,15.0
94900,2.0,46.0,2.0,Senamiestyje,3.0,91.0
106000,2.0,64.0,7.0,Centre,2.0,13.0
58000,3.0,71.5,2.0,Žvejybos uostas,3.0,62.0
45500,3.0,67.09,4.0,Žvejybos uostas,5.0,46.0
59000,2.0,42.07,1.0,Mažojo kaimelio,4.0,58.0
94500,3.0,71.14,1.0,Alksnynėje,9.0,15.0
51900,3.0,77.7,1.0,Bandužiuose,5.0,33.0
57700,3.0,71.09,5.0,Žvejybos uostas,9.0,39.0
117000,3.0,85.0,4.0,Debrecene,6.0,17.0
67770,1.0,37.0,2.0,Centre,3.0,64.0
61500,3.0,63.0,1.0,Alksnynėje,5.0,29.0
37000,1.0,33.0,5.0,Naujakiemyje,5.0,51.0
45000,2.0,43.0,5.0,Sportininkuose,5.0,58.0
49900,2.0,43.0,1.0,Centre,5.0,57.0
38000,1.0,30.0,4.0,Sportininkuose,4.0,31.0
65000,2.0,44.0,3.0,Centre,5.0,48.0
101000,3.0,103.0,3.0,Centre,3.0,82.0
53900,2.0,55.0,8.0,Laukininkuose,9.0,35.0
43500,2.0,39.0,4.0,Žvejybos uostas,4.0,61.0
56000,2.0,44.0,5.0,Centre,5.0,53.0
61500,3.0,63.0,1.0,Alksnynėje,5.0,29.0
25500,1.0,38.0,1.0,Senamiestyje,5.0,36.0
65000,2.0,49.0,3.0,Centre,5.0,53.0
79000,4.0,76.0,5.0,Alksnynėje,5.0,23.0
99000,3.0,70.0,2.0,Žvejybos uostas,3.0,63.0
51999,2.0,42.0,5.0,Bandužiuose,5.0,29.0
68000,2.0,39.0,4.0,Centre,4.0,58.0
83000,3.0,53.0,2.0,Baltijos,1.0,13.0
73000,3.0,79.0,4.0,Rumpiškėse,9.0,32.0
84000,3.0,65.0,4.0,Poilsio,5.0,34.0
62900,3.0,76.0,5.0,Alksnynėje,5.0,27.0
58999,3.0,64.0,5.0,Naujakiemyje,5.0,49.0
64999,3.0,64.0,4.0,Alksnynėje,5.0,42.0
42500,2.0,43.0,4.0,Sportininkuose,4.0,61.0
84000,2.0,65.0,4.0,Poilsio,5.0,36.0
43999,2.0,48.0,5.0,Kauno,5.0,55.0
68000,3.0,60.0,4.0,Debrecene,5.0,49.0
66300,3.0,70.0,3.0,Žardininkuose,5.0,36.0
49900,2.0,47.0,4.0,Kauno,5.0,54.0
56000,2.0,44.0,5.0,Centre,5.0,53.0
62000,3.0,64.0,5.0,Alksnynėje,5.0,23.0
68000,3.0,60.0,4.0,Debrecene,5.0,49.0
124000,3.0,76.48,4.0,Miško,7.0,2.0
67000,3.0,61.0,5.0,Laukininkuose,5.0,38.0
67000,3.0,55.0,1.0,Debrecene,5.0,52.0
64000,3.0,61.0,5.0,Laukininkuose,5.0,38.0
50000,2.0,53.0,5.0,Debrecene,9.0,41.0
73000,3.0,7812.0,1.0,Varpuose,5.0,28.0
49999,2.0,52.98,5.0,Debrecene,9.0,41.0
93500,2.0,53.94,1.0,Miško,2.0,13.0
93000,2.0,53.94,1.0,Mažojo kaimelio,5.0,14.0
65800,3.0,50.0,6.0,Žvejybos uostas,8.0,3.0
39000,1.0,43.0,5.0,Bandužiuose,5.0,32.0
47700,2.0,39.0,5.0,Rumpiškėse,5.0,58.0
46000,2.0,43.0,5.0,Sportininkuose,5.0,58.0
65000,2.0,47.0,5.0,Debrecene,5.0,51.0
53900,2.0,57.0,4.0,Poilsio,9.0,42.0
240000,3.0,96.0,5.0,Centre,6.0,12.0
46000,2.0,38.0,2.0,Sportininkuose,3.0,101.0
53900,2.0,57.0,4.0,Žvejybos uostas,9.0,42.0
48000,3.0,64.23,8.0,Žvejybos uostas,9.0,45.0
57200,2.0,43.0,6.0,Poilsio,8.0,2.0
39000,1.0,36.0,4.0,Laukininkuose,5.0,31.0
47000,2.0,50.0,8.0,Debrecene,9.0,45.0
71900,3.0,78.0,5.0,Varpuose,5.0,24.0
58000,3.0,78.0,1.0,Bandužiuose,9.0,32.0
50000,2.0,53.0,5.0,Debrecene,9.0,41.0
54900,2.0,55.64,3.0,Laukininkuose,5.0,37.0
64999,2.0,50.0,3.0,Centre,5.0,53.0
45000,2.0,42.0,5.0,Sportininkuose,5.0,58.0
52000,2.0,42.0,5.0,Bandužiuose,5.0,29.0
89100,4.0,70.0,8.0,Poilsio,8.0,2.0
64999,2.0,43.0,3.0,Rumpiškėse,5.0,51.0
155000,3.0,95.0,2.0,Vėtrungėje,3.0,10.0
142900,3.0,70.84,2.0,Mažojo kaimelio,3.0,9.0
32500,1.0,33.0,9.0,Žardininkuose,9.0,46.0
72000,1.0,35.0,1.0,Centre,2.0,13.0
66300,3.0,61.0,3.0,Žardininkuose,5.0,42.0
75999,4.0,90.0,1.0,Laukininkuose,9.0,33.0
115000,3.0,78.0,2.0,Centre,3.0,65.0
85610,3.0,63.0,2.0,Klaipėdoje,7.0,2.0
69990,3.0,77.0,5.0,Alksnynėje,5.0,24.0
45000,2.0,43.0,5.0,Sportininkuose,5.0,58.0
53000,2.0,51.0,5.0,Debrecene,5.0,52.0
53900,2.0,57.0,4.0,Žvejybos uostas,9.0,42.0
55000,2.0,55.0,3.0,Laukininkuose,9.0,36.0
39000,1.0,30.0,4.0,Žvejybos uostas,5.0,57.0
38000,1.0,30.0,4.0,Sportininkuose,4.0,31.0
64999,2.0,43.0,3.0,Centre,5.0,51.0
131000,3.0,80.0,2.0,Centre,2.0,103.0
120000,3.0,78.0,2.0,Centre,3.0,65.0
64999,2.0,43.0,3.0,Centre,5.0,51.0
59999,3.0,60.98,4.0,Naujakiemyje,5.0,46.0
40000,1.0,43.98,5.0,Bandužiuose,5.0,31.0
85000,2.0,52.61,3.0,Baltijos,7.0,1.0
45500,1.0,43.0,5.0,Bandužiuose,5.0,29.0
48800,2.0,46.0,5.0,Kauno,5.0,53.0
43800,2.0,35.0,4.0,Kauno,5.0,53.0
45000,2.0,48.0,5.0,Kauno,5.0,55.0
47500,2.0,45.0,1.0,Baltijos,5.0,53.0
50000,1.0,37.0,1.0,Centre,2.0,107.0
65000,2.0,44.0,3.0,Centre,5.0,56.0
49500,2.0,47.0,3.0,Vingio,5.0,35.0
53900,2.0,55.0,8.0,Laukininkuose,9.0,35.0
75999,4.0,90.0,1.0,Bandužiuose,9.0,33.0
45000,2.0,42.0,5.0,Centre,5.0,58.0
63000,4.0,76.0,1.0,Laukininkuose,5.0,40.0
131000,4.0,80.0,2.0,Centre,2.0,103.0
75999,4.0,90.0,1.0,Laukininkuose,9.0,33.0
10800,1.0,12.0,5.0,Klaipėdoje,5.0,52.0
117000,3.0,78.0,2.0,Senamiestyje,3.0,65.0
41900,2.0,47.0,5.0,Kauno,5.0,43.0
61000,3.0,72.0,2.0,Baltijos,5.0,51.0
32500,1.0,33.0,9.0,Vingio,9.0,46.0
67000,1.0,37.46,3.0,Senamiestyje,3.0,70.0
47700,2.0,38.0,5.0,Centre,5.0,58.0
75000,2.0,57.0,2.0,Alksnynėje,5.0,15.0
155000,3.0,72.0,1.0,Kauno,1.0,13.0
75999,4.0,90.0,1.0,Bandužiuose,9.0,33.0
58000,3.0,62.0,1.0,Žvejybos uostas,5.0,47.0
33000,1.0,30.0,4.0,Kauno,5.0,46.0
74999,3.0,77.0,2.0,Bandužiuose,5.0,32.0
53000,2.0,49.6,2.0,Kauno,5.0,55.0
155000,3.0,94.98,2.0,Centre,3.0,11.0
72999,2.0,52.0,4.0,Alksnynėje,5.0,44.0
169000,2.0,73.0,1.0,Naujojo Sodo g.,2.0,15.0
53500,2.0,55.0,5.0,Laukininkuose,5.0,36.0
52000,2.0,46.0,1.0,Kauno,5.0,54.0
47800,2.0,43.0,1.0,Centre,5.0,53.0
48000,1.0,34.38,3.0,Bandužiuose,5.0,16.0
75000,2.0,57.0,2.0,Vingio,5.0,15.0
68000,2.0,39.0,4.0,Rumpiškėse,4.0,58.0
65000,2.0,49.65,3.0,Centre,5.0,53.0
65000,4.0,62.0,4.0,Kauno,5.0,55.0
65000,3.0,56.0,3.0,Žvejybos uostas,3.0,65.0
72500,3.0,78.0,3.0,Bandužiuose,5.0,29.0
104000,2.0,41.0,2.0,Senamiestyje,3.0,5.0
60000,3.0,78.0,5.0,Laukininkuose,9.0,31.0
85000,3.0,90.0,4.0,Vėtrungėje,5.0,39.0
63000,2.0,59.31,8.0,Varpuose,1.0,24.0
75000,2.0,57.0,2.0,Alksnynėje,5.0,15.0
79000,4.0,76.0,5.0,Alksnynėje,5.0,23.0
73000,2.0,39.0,4.0,Rumpiškėse,4.0,9.0
64000,2.0,54.0,5.0,Alksnynėje,5.0,33.0
65000,4.0,62.0,4.0,Kauno,5.0,56.0
78000,3.0,70.0,2.0,Kauno,5.0,52.0
130000,3.0,96.0,4.0,Centre,6.0,16.0
86000,4.0,72.0,4.0,Miško,5.0,51.0
100000,2.0,55.0,2.0,Mažojo kaimelio,4.0,6.0
65000,3.0,56.0,3.0,Žvejybos uostas,3.0,65.0
143000,3.0,71.0,2.0,Miško,3.0,9.0
151000,2.0,88.0,3.0,Centre,3.0,14.0
45000,2.0,48.0,5.0,Kauno,5.0,55.0
113000,3.0,67.0,4.0,Centre,5.0,16.0
60000,3.0,60.0,4.0,Vingio,5.0,46.0
50000,2.0,52.0,6.0,Baltijos,9.0,52.0
59500,3.0,63.0,5.0,Naujakiemyje,5.0,49.0
64000,2.0,65.66,5.0,Poilsio,5.0,34.0
72000,3.0,77.0,4.0,Naujakiemyje,5.0,33.0
60000,3.0,63.92,5.0,Naujakiemyje,9.0,48.0
75000,3.0,77.0,2.0,Bandužiuose,5.0,31.0
135000,3.0,132.86,2.0,Centre,3.0,91.0
67000,3.0,78.0,3.0,Bandužiuose,5.0,32.0
69300,2.0,67.0,4.0,Bandužiuose,5.0,31.0
69500,2.0,67.0,4.0,Vingio,5.0,31.0
56000,3.0,78.86,5.0,Laukininkuose,5.0,35.0
39900,1.0,28.92,3.0,Baltijos,5.0,53.0
98900,2.0,55.0,2.0,Plytinėje,3.0,1.0
63000,2.0,38.99,2.0,Centre,5.0,58.0
67000,3.0,78.0,2.0,Laukininkuose,5.0,37.0
102000,2.0,41.0,2.0,Senamiestyje,3.0,5.0
89900,3.0,70.0,1.0,Sportininkuose,4.0,61.0
142999,3.0,70.0,2.0,Mažojo kaimelio,3.0,9.0
88000,3.0,61.0,3.0,Centre,3.0,82.0
42000,1.0,44.0,1.0,Laukininkuose,5.0,35.0
75000,3.0,62.0,9.0,Baltijos,9.0,46.0
60000,4.0,88.0,5.0,Bandužiuose,9.0,34.0
60000,3.0,69.0,7.0,Vingio,9.0,41.0
58000,2.0,56.0,5.0,Varpuose,1.0,26.0
130000,3.0,96.0,4.0,Centre,6.0,16.0
59400,2.0,54.0,4.0,Kauno,5.0,39.0
62000,3.0,76.0,5.0,Varpuose,5.0,27.0
54000,2.0,56.0,3.0,Laukininkuose,5.0,37.0
53500,2.0,53.0,5.0,Laukininkuose,5.0,38.0
60000,2.0,54.0,2.0,Bandužiuose,9.0,31.0
52000,2.0,53.2,8.0,Baltijos,9.0,51.0
42500,2.0,47.0,5.0,Vingio,5.0,36.0
200000,2.0,65.0,3.0,Kauno,3.0,12.0
61000,3.0,66.0,1.0,Alksnynėje,5.0,28.0
81000,2.0,63.0,4.0,Varpuose,5.0,10.0
45000,2.0,48.0,5.0,Kauno,5.0,55.0
32999,1.0,30.0,4.0,Kauno,5.0,46.0
66300,3.0,61.0,3.0,Žardininkuose,5.0,42.0
118000,2.0,87.0,1.0,Debrecene,5.0,15.0
65000,4.0,62.0,4.0,Kauno,5.0,55.0
33000,1.0,29.0,4.0,Šilutėje,5.0,46.0
62000,3.0,66.05,5.0,Alksnynėje,5.0,44.0
45000,2.0,48.0,5.0,Kauno,5.0,55.0
63000,2.0,43.0,1.0,Rumpiškėse,4.0,52.0
118000,3.0,73.23,2.0,Mažojo kaimelio,3.0,0.0
71400,2.0,43.7,2.0,Mažojo kaimelio,3.0,0.0
96750,3.0,58.87,2.0,Mažojo kaimelio,3.0,0.0
77000,3.0,66.0,5.0,Miško,5.0,29.0
37500,1.0,26.0,4.0,Kauno,4.0,51.0
110000,3.0,82.0,2.0,Žvejybos uostas,3.0,64.0
15800,2.0,22.0,5.0,Mokyklos,5.0,52.0
41000,1.0,28.0,4.0,Rumpiškėse,4.0,60.0
55000,3.0,64.0,5.0,Naujakiemyje,9.0,48.0
45000,2.0,45.0,4.0,Debrecene,5.0,52.0
95000,4.0,95000.0,1.0,Paupiuose,2.0,0.0
130000,3.0,81.0,2.0,Alksnynėje,2.0,10.0
64000,2.0,48.0,7.0,Vingio,9.0,38.0
114900,3.0,56.0,2.0,Centre,3.0,70.0
55000,2.0,61.0,4.0,Bandužiuose,5.0,26.0
142000,3.0,68.0,1.0,Centre,3.0,68.0
52000,2.0,54.0,4.0,Žvejybos uostas,5.0,39.0
37000,1.0,26.0,4.0,Kauno,5.0,54.0
55000,2.0,60.0,1.0,Laukininkuose,1.0,24.0
72000,3.0,79.0,3.0,Alksnynėje,5.0,34.0
75000,3.0,54.0,1.0,Centre,5.0,57.0
40000,1.0,43.0,5.0,Laukininkuose,5.0,30.0
54000,2.0,48.0,6.0,Žvejybos uostas,9.0,40.0
84000,3.0,65.42,4.0,Poilsio,5.0,34.0
81000,2.0,63.0,4.0,Varpuose,5.0,15.0
85000,4.0,91.0,4.0,Poilsio,5.0,23.0
155000,3.0,95.0,2.0,Centre,3.0,10.0
37500,1.0,37.0,3.0,Bandužiuose,5.0,33.0
130000,3.0,96.0,4.0,Centre,6.0,16.0
35800,1.0,33.0,4.0,Žvejybos uostas,5.0,48.0
13000,1.0,11.0,5.0,Centre,5.0,53.0
77000,3.0,70.0,2.0,Paupiuose,2.0,1.0
51500,2.0,49.0,2.0,Žardininkuose,9.0,44.0
68500,4.0,70.7,1.0,Kauno,5.0,54.0
55000,2.0,60.0,1.0,Varpuose,1.0,24.0
62000,2.0,61.0,4.0,Varpuose,5.0,28.0
52000,2.0,54.0,4.0,Poilsio,5.0,39.0
62000,3.0,63.0,5.0,Naujakiemyje,5.0,49.0
88000,3.0,61.0,2.0,Centre,2.0,86.0
125000,4.0,141.0,3.0,Centre,3.0,26.0
30000,1.0,20.0,1.0,Kauno,9.0,54.0
60000,3.0,69.0,7.0,Vingio,9.0,40.0
250000,4.0,95.0,7.0,Centre,1.0,14.0
72000,2.0,49.0,3.0,Miško,9.0,38.0
65000,2.0,48.0,5.0,Žardininkuose,5.0,44.0
85000,3.0,64.0,3.0,Mažojo kaimelio,5.0,45.0
57000,3.0,75.08,3.0,Žvejybos uostas,3.0,62.0
51000,2.0,46.74,5.0,Gedminuose,5.0,43.0
66500,2.0,48.0,2.0,Vingio,5.0,41.0
65000,4.0,88.0,7.0,Bandužiuose,9.0,32.0
12000,1.0,18.0,2.0,Centre,5.0,36.0
30000,1.0,26.0,3.0,Baltijos,5.0,51.0
114000,2.0,42.0,1.0,Centre,5.0,2.0
69000,2.0,53.0,1.0,Debrecene,9.0,51.0
62000,2.0,62.0,4.0,Varpuose,5.0,28.0
85777,2.0,53.0,5.0,Alksnynėje,9.0,9.0
59000,3.0,62.0,4.0,Debrecene,5.0,46.0
21500,1.0,16.0,1.0,Centre,5.0,32.0
69000,2.0,53.41,1.0,Debrecene,9.0,51.0
57000,2.0,56.0,5.0,Varpuose,9.0,26.0
44500,2.0,50.0,5.0,Vingio,9.0,44.0
45000,1.0,33.0,2.0,Laukininkuose,5.0,36.0
44000,1.0,44.0,5.0,Bandužiuose,5.0,32.0
55000,2.0,60.0,1.0,Varpuose,1.0,24.0
64000,2.0,48.0,7.0,Vingio,9.0,38.0
45000,2.0,48.0,5.0,Kauno,5.0,55.0
122000,3.0,63.0,1.0,Paupiuose,3.0,5.0
128000,3.0,80.0,2.0,Vėtrungėje,3.0,49.0
30000,1.0,27.0,5.0,Kauno,5.0,54.0
21500,1.0,16.0,1.0,Centre,5.0,32.0
56600,2.0,42.0,2.0,Trinyčiuose,5.0,58.0
33000,1.0,29.0,4.0,Šilutėje,5.0,46.0
60000,2.0,50.0,6.0,Gedminuose,9.0,47.0
75000,3.0,54.0,1.0,Centre,5.0,57.0
81000,3.0,76.0,3.0,Bandužiuose,5.0,33.0
54000,3.0,72.0,5.0,Baltijos,5.0,53.0
152000,3.0,103.0,2.0,Centre,3.0,85.0
52000,2.0,36.9,6.0,Poilsio,8.0,2.0
65000,2.0,44.0,3.0,Centre,5.0,59.0
72100,3.0,56.64,2.0,Poilsio,8.0,2.0
51500,2.0,54000.0,5.0,Bandužiuose,5.0,35.0
66500,2.0,48.0,2.0,Vingio,5.0,41.0
65000,4.0,88.0,7.0,Bandužiuose,9.0,32.0
128000,3.0,67.69,2.0,Senamiestyje,2.0,52.0
53000,3.0,55.0,3.0,Baltijos,5.0,51.0
49000,3.0,55.0,5.0,Baltijos,5.0,50.0
72000,3.0,78.0,4.0,Poilsio,5.0,35.0
43800,2.0,35.0,4.0,Centre,5.0,53.0
48800,2.0,46.0,5.0,Centre,5.0,54.0
62000,3.0,61.0,2.0,Žardininkuose,5.0,45.0
99999,2.0,55.0,4.0,Senamiestyje,4.0,47.0
27000,2.0,39.0,3.0,Baltijos,5.0,47.0
53000,2.0,61.0,4.0,Bandužiuose,5.0,27.0
125000,3.0,63.0,1.0,Paupiuose,3.0,5.0
65000,4.0,90.0,7.0,Bandužiuose,9.0,31.0
155000,3.0,95.0,2.0,Centre,3.0,10.0
20700,1.0,25.0,5.0,Debrecene,5.0,52.0
69000,2.0,54.0,1.0,Debrecene,9.0,51.0
70000,1.0,40.0,1.0,Tauralaukyje,4.0,14.0
73900,3.0,78.0,5.0,Gedminuose,5.0,24.0
158000,2.0,63.0,3.0,Centre,5.0,14.0
73000,2.0,39.0,4.0,Centre,4.0,7.0
49500,2.0,47.0,3.0,Naujakiemyje,5.0,35.0
85999,4.0,72.0,4.0,Miško,5.0,51.0
152000,3.0,102.0,2.0,Centre,2.0,85.0
99000,2.0,42.93,1.0,Senamiestyje,3.0,101.0
61000,2.0,55.0,2.0,Vingio,9.0,33.0
55500,2.0,55.0,5.0,Laukininkuose,5.0,38.0
49500,2.0,47.0,4.0,Žardininkuose,5.0,47.0
49500,2.0,47.0,4.0,Naujakiemyje,5.0,47.0
55000,2.0,60.0,1.0,Varpuose,1.0,26.0
155000,3.0,95.0,2.0,Kauno,3.0,10.0
55000,2.0,60.37,1.0,Varpuose,1.0,24.0
73000,3.0,77.0,4.0,Alksnynėje,5.0,33.0
59999,4.0,88.0,5.0,Bandužiuose,9.0,34.0
72000,2.0,52.0,5.0,Miško,1.0,33.0
43500,2.0,48.0,5.0,Kauno,5.0,55.0
53000,2.0,47.0,1.0,Vingio,5.0,37.0
62000,3.0,64.0,2.0,Alksnynėje,5.0,31.0
46500,2.0,42.0,4.0,Rumpiškėse,4.0,57.0
68000,2.0,65.0,2.0,Bandužiuose,5.0,33.0
57000,2.0,56.0,5.0,Gedminuose,1.0,26.0
65000,2.0,47.0,2.0,Žardininkuose,5.0,41.0
42500,2.0,43.0,4.0,Sportininkuose,4.0,52.0
100000,2.0,64.0,7.0,Centre,2.0,13.0
42500,2.0,1960.0,4.0,Sportininkuose,4.0,61.0
62000,2.0,62.0,4.0,Varpuose,5.0,29.0
55000,2.0,55.0,9.0,Bandužiuose,9.0,31.0
64000,4.0,70.16,5.0,Baltijos,5.0,53.0
77500,4.0,89.0,5.0,Bandužiuose,9.0,33.0
59400,2.0,54.0,4.0,Vėtrungėje,5.0,39.0
135000,2.0,63.0,2.0,Mažojo kaimelio,5.0,3.0
47000,1.0,36.0,4.0,Žvejybos uostas,5.0,41.0
220000,3.0,70.0,1.0,Centre,2.0,15.0
79000,3.0,76.0,3.0,Bandužiuose,5.0,32.0
125000,3.0,80.0,2.0,Centre,3.0,49.0
69000,2.0,53.41,1.0,Debrecene,9.0,51.0
62000,3.0,69.0,7.0,Vingio,9.0,41.0
66000,2.0,54.0,5.0,Laukininkuose,5.0,31.0
48800,2.0,46.0,5.0,Kauno,5.0,54.0
65000,2.0,45.0,4.0,Kauno,5.0,52.0
73000,2.0,52.0,4.0,Alksnynėje,5.0,44.0
65000,2.0,47.0,2.0,Žardininkuose,5.0,41.0
254000,3.0,126.12,1.0,Giruliuose,3.0,15.0
53500,2.0,49.0,5.0,Vingio,5.0,40.0
86000,2.0,45.0,7.0,Alksnynėje,9.0,1.0
52000,2.0,52.0,3.0,Žvejybos uostas,5.0,33.0
71600,2.0,52.0,4.0,Alksnynėje,5.0,44.0
60000,2.0,52.0,5.0,Alksnynėje,5.0,41.0
52000,2.0,54.0,4.0,Poilsio,5.0,39.0
84000,2.0,47.0,1.0,Senamiestyje,3.0,91.0
109000,3.0,64.0,3.0,Mažojo kaimelio,4.0,12.0
47500,1.0,38.0,1.0,Centre,3.0,66.0
57000,2.0,53.0,2.0,Žvejybos uostas,5.0,29.0
65000,2.0,44.0,2.0,Tauralaukyje,2.0,53.0
175000,2.0,64.0,1.0,Centre,2.0,10.0
128000,3.0,80.0,2.0,Vėtrungėje,3.0,2.0
67500,3.0,64.0,4.0,Žardininkuose,5.0,44.0
68500,3.0,68.0,5.0,Žvejybos uostas,5.0,30.0
67000,2.0,67.0,5.0,Naujakiemyje,5.0,38.0
59400,2.0,54.0,4.0,Vėtrungėje,5.0,39.0
114000,2.0,42.0,1.0,Senamiestyje,5.0,2.0
72000,3.0,78.0,5.0,Varpuose,5.0,26.0
49000,3.0,55.0,5.0,Baltijos,5.0,50.0
60000,2.0,52.0,3.0,Debrecene,5.0,53.0
135000,3.0,96.0,4.0,Centre,6.0,16.0
64999,4.0,88.0,7.0,Bandužiuose,9.0,31.0
81000,2.0,63.0,4.0,Varpuose,5.0,15.0
55000,2.0,56.0,8.0,Bandužiuose,9.0,33.0
46500,2.0,45.0,1.0,Baltijos,5.0,53.0
110000,2.0,52.0,2.0,Centre,3.0,33.0
131000,3.0,50.0,3.0,Centre,3.0,87.0
53900,2.0,49.0,1.0,Vingio,9.0,43.0
17000,1.0,26.0,2.0,Tauralaukyje,3.0,34.0
59000,3.0,62.0,4.0,Gedminuose,5.0,46.0
65000,2.0,54.0,2.0,Bandužiuose,9.0,32.0
135000,4.0,88.0,7.0,Miško,7.0,15.0
62000,2.0,53.0,3.0,Alksnynėje,5.0,14.0
39000,2.0,44.0,4.0,Žvejybos uostas,4.0,61.0
126600,3.0,78.38,3.0,Miško,7.0,2.0
36500,2.0,45.0,2.0,Rimkuose,2.0,64.0
87000,4.0,89.0,4.0,Alksnynėje,5.0,28.0
53000,2.0,48.0,9.0,Žvejybos uostas,6.0,35.0
109000,3.0,65.0,1.0,Centre,7.0,14.0
63000,3.0,69.0,7.0,Žardininkuose,9.0,45.0
100000,4.0,89.0,7.0,Vingio,9.0,32.0
48500,2.0,49.0,1.0,Žardininkuose,9.0,38.0
58000,2.0,55.0,5.0,Alksnynėje,1.0,26.0
79000,4.0,90.0,3.0,Centre,4.0,91.0
64000,2.0,66.0,5.0,Poilsio,5.0,34.0
57000,2.0,56.0,5.0,Varpuose,1.0,26.0
33000,1.0,30.0,4.0,Kauno,5.0,46.0
125000,3.0,50.0,3.0,Centre,3.0,87.0
102000,3.0,70.0,4.0,Debrecene,5.0,17.0
109000,3.0,65.0,1.0,Centre,5.0,14.0
131000,3.0,50.0,3.0,Centre,3.0,87.0
113000,3.0,67.0,4.0,Centre,5.0,16.0
65000,3.0,51.0,3.0,Sportininkuose,5.0,57.0
61000,3.0,61.0,2.0,Centre,5.0,51.0
44000,2.0,46.0,5.0,Žardininkuose,5.0,45.0
43000,2.0,39.0,4.0,Žvejybos uostas,4.0,61.0
46000,2.0,51.0,4.0,Kauno,5.0,54.0
73000,2.0,39.0,4.0,Rumpiškėse,4.0,7.0
61000,3.0,70.0,1.0,Alksnynėje,5.0,29.0
57000,2.0,56.0,5.0,Varpuose,1.0,26.0
74999,3.0,62.0,9.0,Baltijos,9.0,52.0
109000,3.0,65.0,1.0,Vėtrungėje,5.0,12.0
72500,3.0,65.0,5.0,Alksnynėje,5.0,31.0
205000,2.0,64.0,3.0,Senamiestyje,4.0,5.0
39000,1.0,30.0,3.0,Žvejybos uostas,4.0,57.0
43000,2.0,39.0,4.0,Žvejybos uostas,4.0,61.0
125000,3.0,85.0,4.0,Tauralaukyje,5.0,8.0
58000,3.0,62.0,4.0,Debrecene,5.0,46.0
55999,2.0,46.0,4.0,Centre,5.0,57.0
125000,3.0,50.0,3.0,Centre,3.0,87.0
55000,2.0,36.0,2.0,Centre,3.0,111.0
89000,2.0,41.0,1.0,Melnragėje,2.0,86.0
81000,2.0,65.0,4.0,Varpuose,5.0,15.0
75000,3.0,79.0,1.0,Varpuose,5.0,28.0
52000,2.0,54.0,4.0,Klaipėdoje,5.0,39.0
117000,2.0,54.0,2.0,Senamiestyje,3.0,44.0
66000,2.0,38.0,4.0,Centre,4.0,1.0
96000,2.0,46.0,3.0,Centre,4.0,91.0
75000,2.0,35.0,1.0,Centre,4.0,64.0
72000,2.0,70.0,1.0,Mažojo kaimelio,3.0,109.0
21500,1.0,16.0,1.0,Vėtrungėje,5.0,32.0
98000,3.0,65.0,4.0,Centre,4.0,2.0
21000,1.0,30.0,1.0,Paupiuose,1.0,120.0
74000,4.0,92.0,8.0,Rumpiškėse,1.0,28.0
88000,4.0,78.0,4.0,Alksnynėje,5.0,44.0
44970,1.0,30.0,1.0,Kauno,1.0,41.0
89000,2.0,41.0,1.0,Melnragėje,2.0,86.0
69500,3.0,79.23,3.0,Poilsio,5.0,34.0
76800,2.0,52.05,9.0,Miško,9.0,38.0
44970,1.0,30.0,1.0,Kauno,1.0,41.0
52000,2.0,54.0,4.0,Žvejybos uostas,5.0,39.0
49000,3.0,64.0,1.0,Klaipėdoje,9.0,47.0
62000,2.0,53.0,3.0,Gedminuose,5.0,14.0
59000,2.0,55.0,5.0,Gedminuose,1.0,26.0
77500,2.0,46.0,2.0,Centre,3.0,67.0
90000,3.0,76.0,3.0,Bandužiuose,5.0,32.0
109000,3.0,65.0,1.0,Vėtrungėje,5.0,12.0
190000,4.0,140.0,2.0,Centre,4.0,113.0
33500,1.0,29.0,4.0,Vėtrungėje,5.0,52.0
8900,1.0,11.0,3.0,Klaipėdoje,5.0,53.0
59000,3.0,60.0,4.0,Mažojo kaimelio,5.0,50.0
71000,2.0,45.0,1.0,Senamiestyje,4.0,55.0
9500,1.0,12.0,5.0,Debrecene,5.0,46.0
47500,2.0,44.0,1.0,Klaipėdoje,5.0,53.0
65000,2.0,47.0,5.0,Alksnynėje,5.0,42.0
65000,2.0,45.0,4.0,Kauno,5.0,55.0
102000,3.0,69.4,4.0,Debrecene,5.0,17.0
17300,1.0,16.0,3.0,Žvejybos uostas,4.0,59.0
14000,1.0,11.0,3.0,Žvejybos uostas,4.0,47.0
86000,4.0,72.0,4.0,Miško,5.0,51.0
72500,3.0,78.0,3.0,Bandužiuose,5.0,29.0
250000,4.0,95.0,7.0,Senamiestyje,1.0,14.0
68500,4.0,70.7,1.0,Kauno,5.0,54.0
118000,3.0,72.0,1.0,Alksnynėje,2.0,11.0
40000,1.0,1992.0,5.0,Bandužiuose,5.0,29.0
65000,2.0,43.0,3.0,Centre,5.0,57.0
51500,2.0,47.0,1.0,Vingio,5.0,36.0
205000,3.0,94.59,3.0,Melnragėje,3.0,14.0
67500,2.0,55.0,2.0,Bandužiuose,9.0,32.0
75000,3.0,63.0,3.0,Žardininkuose,5.0,41.0
139999,3.0,94.0,8.0,Miško,9.0,10.0
57000,3.0,78.0,5.0,Laukininkuose,9.0,31.0
36000,1.0,34.0,4.0,Žvejybos uostas,5.0,48.0
72500,3.0,78.4,3.0,Bandužiuose,5.0,29.0
115000,3.0,80.33,2.0,Vėtrungėje,2.0,16.0
75000,3.0,63.0,3.0,Žardininkuose,5.0,41.0
35000,2.0,56.0,5.0,Paupiuose,5.0,42.0
59999,3.0,69.0,7.0,Vingio,9.0,40.0
46500,2.0,45.0,1.0,Baltijos,5.0,53.0
45000,1.0,33.0,1.0,Debrecene,5.0,43.0
71000,2.0,45.13,1.0,Senamiestyje,4.0,55.0
72499,3.0,78.4,3.0,Bandužiuose,3.0,30.0
72000,2.0,46.0,1.0,Klaipėdoje,4.0,55.0
59999,4.0,88.0,5.0,Bandužiuose,9.0,34.0
108000,3.0,72.52,4.0,Centre,5.0,16.0
37500,1.0,33.0,5.0,Baltijos,5.0,51.0
52000,2.0,46.0,1.0,Kauno,5.0,54.0
50000,3.0,62.0,4.0,Debrecene,5.0,50.0
45000,3.0,57.0,4.0,Žvejybos uostas,5.0,34.0
49500,2.0,47.0,3.0,Naujakiemyje,5.0,46.0
240000,2.0,64.0,4.0,Senamiestyje,4.0,7.0
50500,2.0,47.0,4.0,Kauno,5.0,54.0
53500,2.0,49.0,5.0,Vingio,5.0,40.0
55000,3.0,60.0,5.0,Žardininkuose,5.0,43.0
67000,3.0,74.0,2.0,Laukininkuose,5.0,37.0
139000,2.0,64.0,2.0,Miško,5.0,6.0
80000,2.0,60.83,2.0,Alksnynėje,5.0,14.0
51000,2.0,44.37,4.0,Debrecene,5.0,52.0
65000,2.0,54.0,3.0,Vėtrungėje,5.0,40.0
36000,2.0,45.0,2.0,Rimkuose,2.0,62.0
54000,2.0,54.0,5.0,Laukininkuose,9.0,35.0
30999,1.0,27.0,3.0,Centre,5.0,56.0
73000,3.0,77.0,4.0,Poilsio,5.0,44.0
76500,2.0,49.0,3.0,Miško,9.0,38.0
53500,2.0,49.0,5.0,Vingio,5.0,39.0
56000,2.0,48.0,5.0,Klaipėdoje,5.0,47.0
42500,2.0,46.0,5.0,Žardininkuose,5.0,45.0
79999,2.0,61.0,2.0,Alksnynėje,5.0,14.0
45999,3.0,64.0,4.0,Baltijos,9.0,51.0
36000,1.0,34.0,4.0,Žvejybos uostas,5.0,48.0
53500,2.0,49.0,5.0,Vingio,5.0,40.0
52000,2.0,44.0,5.0,Kauno,5.0,53.0
53000,2.0,55.0,9.0,Laukininkuose,9.0,36.0
49500,2.0,44.0,1.0,Debrecene,5.0,52.0
46000,2.0,46.0,4.0,Kauno,5.0,54.0
73000,2.0,48.0,3.0,Miško,9.0,38.0
67000,3.0,78.0,2.0,Laukininkuose,5.0,37.0
133000,3.0,116.0,3.0,Centre,3.0,88.0
65000,3.0,78.0,4.0,Varpuose,5.0,28.0
55000,2.0,55.0,9.0,Laukininkuose,9.0,36.0
73000,2.0,70.0,1.0,Mažojo kaimelio,3.0,109.0
32500,1.0,28.0,9.0,Kauno,9.0,53.0
32500,1.0,28.0,9.0,Šilutėje,9.0,53.0
83000,3.0,87.0,5.0,Baltijos,5.0,31.0
46500,2.0,55.0,5.0,Laukininkuose,9.0,31.0
124900,3.0,89.0,2.0,Centre,9.0,15.0
82000,3.0,68.86,2.0,Kauno,4.0,2.0
39000,1.0,30.0,3.0,Žvejybos uostas,4.0,57.0
40000,1.0,33.0,4.0,Miško,5.0,45.0
104990,4.0,82.33,4.0,Paupiuose,4.0,0.0
73990,3.0,63.13,3.0,Paupiuose,4.0,0.0
46990,2.0,35.76,2.0,Paupiuose,2.0,0.0
164700,4.0,112.0,2.0,Baltijos,5.0,16.0
52000,3.0,64.0,8.0,Naujakiemyje,9.0,41.0
53000,2.0,44.0,5.0,Kauno,5.0,53.0
55000,2.0,55.0,9.0,Laukininkuose,9.0,36.0
220000,3.0,70.0,1.0,Centre,2.0,15.0
68400,2.0,38.0,3.0,Centre,3.0,88.0
30000,1.0,20.0,1.0,Vėtrungėje,9.0,54.0
58500,2.0,47.0,2.0,Miško,5.0,41.0
55000,3.0,62.0,9.0,Debrecene,9.0,50.0
55500,3.0,61.0,9.0,Debrecene,9.0,50.0
94000,2.0,68.0,1.0,Alksnynėje,2.0,13.0
78299,3.0,55.0,4.0,Centre,5.0,45.0
40000,3.0,50.0,4.0,Baltijos,5.0,33.0
45000,1.0,33.0,1.0,Debrecene,5.0,33.0
50000,1.0,33.0,3.0,Miško,5.0,56.0
60000,2.0,60.0,1.0,Bandužiuose,5.0,31.0
84000,1.0,40.0,2.0,Mažojo kaimelio,9.0,10.0
17500,2.0,22.0,2.0,Centre,2.0,85.0
75000,3.0,54.0,1.0,Centre,5.0,57.0
55000,2.0,54.0,5.0,Alksnynėje,5.0,41.0
59000,2.0,47.0,2.0,Naujakiemyje,5.0,47.0
47000,1.0,33.0,3.0,Žvejybos uostas,3.0,61.0
53000,2.0,44.0,5.0,Kauno,5.0,54.0
79000,2.0,52.0,1.0,Miško,1.0,38.0
53000,2.0,45.0,5.0,Kauno,5.0,53.0
52000,2.0,44.37,5.0,Kauno,5.0,53.0
41900,2.0,43.0,4.0,Žvejybos uostas,4.0,55.0
58000,3.0,78.0,4.0,Laukininkuose,9.0,31.0
102000,3.0,78.0,1.0,Alksnynėje,9.0,13.0
108000,2.0,70.0,3.0,Mažojo kaimelio,3.0,14.0
73000,2.0,56.0,1.0,Mažojo kaimelio,4.0,16.0
57000,2.0,59.0,1.0,Varpuose,5.0,30.0
69000,2.0,40.0,4.0,Rumpiškėse,4.0,9.0
49000,2.0,44.0,4.0,Rumpiškėse,4.0,58.0
54000,2.0,54.0,5.0,Laukininkuose,9.0,36.0
46900,2.0,54.0,5.0,Laukininkuose,5.0,26.0
53000,2.0,55.0,3.0,Bandužiuose,5.0,30.0
58000,3.0,64.0,3.0,Žvejybos uostas,5.0,49.0
39000,2.0,40.0,3.0,Vėtrungėje,5.0,33.0
52000,3.0,64.0,8.0,Naujakiemyje,9.0,41.0
32000,1.0,20.0,1.0,Centre,9.0,54.0
46500,2.0,43.0,4.0,Rumpiškėse,4.0,57.0
50500,2.0,47.0,4.0,Kauno,5.0,54.0
53500,2.0,49.0,5.0,Vingio,5.0,40.0
52000,2.0,38.0,5.0,Senamiestyje,5.0,38.0
41000,2.0,43.0,2.0,Žvejybos uostas,4.0,58.0
53500,2.0,49.0,5.0,Vingio,5.0,40.0
133000,3.0,116.0,3.0,Centre,3.0,88.0
55900,2.0,43.0,4.0,Miško,5.0,56.0
53500,2.0,49.0,5.0,Vingio,5.0,39.0
140000,3.0,100.0,2.0,Tauralaukyje,3.0,2.0
100000,4.0,80.0,3.0,Tauralaukyje,3.0,3.0
105000,2.0,67.0,3.0,Paupiuose,3.0,3.0
101500,3.0,75.0,1.0,Paupiuose,3.0,3.0
63500,2.0,43.0,1.0,Rumpiškėse,4.0,53.0
53000,2.0,46.0,1.0,Kauno,5.0,54.0
46500,2.0,46.0,4.0,Kauno,5.0,53.0
68000,2.0,54.0,8.0,Centre,9.0,31.0
157000,5.0,125.0,4.0,Miško,4.0,13.0
189000,3.0,80.0,5.0,Centre,6.0,13.0
65000,2.0,45.0,4.0,Kauno,5.0,52.0
198000,4.0,135.0,2.0,Centre,3.0,64.0
73999,2.0,47.0,1.0,Alksnynėje,9.0,15.0
62000,3.0,78.0,4.0,Poilsio,5.0,35.0
157000,5.0,125.0,4.0,Miško,4.0,13.0
80000,3.0,76.0,3.0,Laukininkuose,1.0,26.0
73000,2.0,52.0,4.0,Alksnynėje,5.0,44.0
118000,3.0,72.0,1.0,Poilsio,2.0,11.0
121000,3.0,73.39,2.0,Senamiestyje,4.0,86.0
66700,2.0,42.0,4.0,Paupiuose,4.0,1.0
26000,2.0,48.0,5.0,Poilsio,5.0,27.0
60000,2.0,47.0,4.0,Naujakiemyje,5.0,34.0
52000,3.0,64.0,8.0,Naujakiemyje,9.0,41.0
53000,2.0,47.0,4.0,Kauno,5.0,54.0
13000,1.0,11.0,5.0,Kauno,5.0,58.0
135000,3.0,104.0,2.0,Centre,3.0,83.0
71000,3.0,71.2,4.0,Žvejybos uostas,9.0,40.0
63500,3.0,64.0,1.0,Žardininkuose,9.0,49.0
50000,1.0,29.0,3.0,Miško,5.0,56.0
49500,2.0,38.0,4.0,Mokyklos,5.0,55.0
63000,3.0,61.0,3.0,Naujakiemyje,5.0,48.0
59999,3.0,69.0,7.0,Vingio,9.0,41.0
150000,3.0,86.57,1.0,Žardininkuose,5.0,21.0
68000,4.0,78.02,4.0,Žvejybos uostas,5.0,40.0
63000,3.0,51.43,2.0,Rumpiškėse,5.0,57.0
37000,2.0,40.56,1.0,Debrecene,5.0,45.0
65000,4.0,64.0,4.0,Kauno,5.0,55.0
28000,1.0,20.6,1.0,Kauno,9.0,54.0
46000,2.0,51.0,3.0,Baltijos,5.0,57.0
53500,2.0,50.0,5.0,Baltijos,5.0,53.0
65000,1.0,36.0,1.0,Poilsio,2.0,12.0
38000,2.0,43.0,4.0,Žvejybos uostas,4.0,60.0
9500,1.0,12.0,5.0,Debrecene,5.0,46.0
52000,3.0,64.0,8.0,Naujakiemyje,9.0,41.0
55000,3.0,60.0,4.0,Baltijos,5.0,51.0
71500,3.0,65.0,5.0,Alksnynėje,5.0,31.0
65000,4.0,80.0,4.0,Poilsio,5.0,43.0
130000,4.0,104.0,2.0,Senamiestyje,3.0,101.0
35000,1.0,33.0,8.0,Vingio,9.0,38.0
19900,1.0,16.0,1.0,Žvejybos uostas,3.0,53.0
54000,2.0,44.0,1.0,Sportininkuose,5.0,58.0
190000,3.0,87.0,2.0,Senamiestyje,3.0,91.0
135000,3.0,63.0,2.0,Mažojo kaimelio,5.0,3.0
48999,2.0,43.0,2.0,Sportininkuose,5.0,58.0
54000,2.0,42.0,1.0,Centre,5.0,59.0
51999,2.0,47.0,1.0,Kauno,5.0,54.0
75000,4.0,81.0,4.0,Vingio,5.0,37.0
75000,2.0,54.0,4.0,Alksnynėje,5.0,32.0
73500,2.0,52.0,4.0,Alksnynėje,5.0,44.0
73000,3.0,76.0,4.0,Alksnynėje,5.0,30.0
55000,2.0,52.0,5.0,Alksnynėje,5.0,28.0
750000,5.0,305.0,1.0,Kauno,1.0,13.0
75000,2.0,52.0,4.0,Alksnynėje,5.0,32.0
73000,2.0,52.0,4.0,Alksnynėje,5.0,44.0
76900,3.0,78.0,5.0,Varpuose,5.0,24.0
73000,2.0,52.0,4.0,Alksnynėje,5.0,44.0
73000,2.0,52.0,4.0,Alksnynėje,5.0,44.0
75000,2.0,52.0,4.0,Alksnynėje,5.0,44.0
98000,3.0,65.0,2.0,Vėtrungėje,4.0,2.0
61900,2.0,42.0,3.0,Miško,5.0,53.0
51500,2.0,49.0,2.0,Žardininkuose,9.0,46.0
80000,2.0,60.83,2.0,Alksnynėje,5.0,14.0
202000,4.0,102.83,3.0,Centre,3.0,2.0
201000,4.0,102.61,2.0,Centre,3.0,2.0
261000,4.0,133.14,2.0,Senamiestyje,3.0,2.0
242000,4.0,123.48,1.0,Centre,3.0,2.0
70000,2.0,36.0,1.0,Centre,2.0,76.0
71000,3.0,64.0,3.0,Debrecene,9.0,47.0
53900,2.0,49.0,1.0,Vingio,9.0,43.0
89900,2.0,54.0,1.0,Tauralaukyje,4.0,3.0
52000,2.0,46.0,1.0,Kauno,5.0,54.0
179000,3.0,73.0,3.0,Centre,2.0,15.0
18000,1.0,18.0,3.0,Baltijos,5.0,42.0
97190,3.0,67.0,3.0,Klaipėdoje,7.0,2.0
53000,2.0,66.0,4.0,Poilsio,5.0,32.0
23500,1.0,26.0,1.0,Debrecene,5.0,41.0
49900,2.0,47.0,4.0,Kauno,5.0,53.0
78000,3.0,70.0,2.0,Kauno,5.0,52.0
57800,3.0,64.28,4.0,Žvejybos uostas,5.0,45.0
46500,2.0,42.0,4.0,Rumpiškėse,4.0,57.0
46500,2.0,45.0,1.0,Klaipėdoje,5.0,53.0
50000,3.0,64.0,4.0,Baltijos,9.0,51.0
10900,1.0,17.0,3.0,Žvejybos uostas,4.0,63.0
135000,3.0,57.0,3.0,Tauralaukyje,3.0,4.0
70000,3.0,61.0,3.0,Žardininkuose,5.0,43.0
78000,3.0,70.0,2.0,Kauno,5.0,52.0
40500,1.0,33.28,4.0,Žvejybos uostas,5.0,38.0
69999,3.0,65.0,8.0,Naujakiemyje,9.0,47.0
76800,2.0,52.0,1.0,Miško,1.0,38.0
66999,3.0,64.0,4.0,Žardininkuose,5.0,44.0
84000,3.0,82.0,2.0,Žardininkuose,5.0,10.0
62000,4.0,90.0,6.0,Bandužiuose,1.0,33.0
48000,2.0,56.0,1.0,Laukininkuose,5.0,36.0
37500,1.0,30.0,5.0,Mokyklos,5.0,52.0
97000,3.0,66.0,1.0,Gedminuose,2.0,5.0
73000,3.0,80.0,4.0,Centre,9.0,31.0
75000,2.0,46.0,1.0,Gedminuose,9.0,15.0
75900,2.0,57.0,2.0,Senamiestyje,3.0,85.0
200000,3.0,100.0,2.0,Centre,3.0,86.0
115000,3.0,81.0,2.0,Gedminuose,2.0,5.0
76800,2.0,52.0,1.0,Miško,1.0,38.0
85000,3.0,82.0,2.0,Naujakiemyje,5.0,10.0
69900,2.0,42.0,3.0,Centre,5.0,56.0
49900,3.0,78.0,8.0,Bandužiuose,9.0,33.0
75000,4.0,88.0,9.0,Bandužiuose,9.0,34.0
66000,4.0,89.0,1.0,Bandužiuose,1.0,28.0
68000,4.0,90.0,1.0,Bandužiuose,5.0,33.0
65000,2.0,44.0,3.0,Centre,3.0,53.0
170000,3.0,85.0,3.0,Centre,4.0,51.0
64000,3.0,78.0,4.0,Varpuose,5.0,25.0
46000,2.0,46.0,4.0,Kauno,5.0,53.0
62500,2.0,58.0,7.0,Bandužiuose,9.0,30.0
95000,2.0,56.0,2.0,Paupiuose,3.0,7.0
124000,3.0,85.0,3.0,Centre,3.0,3.0
48900,2.0,55.0,5.0,Laukininkuose,5.0,38.0
69900,2.0,42.0,3.0,Centre,5.0,56.0
127000,5.0,118.0,3.0,Centre,3.0,85.0
100000,2.0,56.0,2.0,Paupiuose,3.0,7.0
73700,2.0,37.0,2.0,Tauralaukyje,4.0,3.0
185000,3.0,115.0,2.0,Centre,4.0,17.0
59900,3.0,77.0,8.0,Laukininkuose,9.0,35.0
69900,2.0,42.0,3.0,Centre,5.0,56.0
72000,3.0,77.8,5.0,Bandužiuose,5.0,32.0
68000,4.0,90.0,1.0,Bandužiuose,5.0,33.0
64000,2.0,48.0,7.0,Vingio,9.0,38.0
63999,2.0,48.0,7.0,Vingio,9.0,38.0
59999,2.0,47.0,4.0,Naujakiemyje,5.0,34.0
69000,1.0,54.0,9.0,Žvejybos uostas,1.0,16.0
69000,3.0,52.12,5.0,Alksnynėje,5.0,45.0
155000,4.0,145.0,3.0,Centre,4.0,111.0
74500,2.0,37.14,2.0,Tauralaukyje,4.0,3.0
59900,3.0,64.0,5.0,Alksnynėje,5.0,45.0
77500,3.0,78.0,2.0,Poilsio,5.0,34.0
69900,2.0,42.0,3.0,Centre,5.0,58.0
26000,1.0,26.0,2.0,Žvejybos uostas,4.0,61.0
68000,4.0,70.7,2.0,Kauno,5.0,52.0
129000,4.0,88.0,1.0,Centre,3.0,87.0
67000,3.0,64.0,1.0,Vingio,9.0,42.0
68000,3.0,60.0,5.0,Žardininkuose,5.0,45.0
102000,3.0,78.0,1.0,Alksnynėje,9.0,12.0
112000,2.0,70.0,3.0,Mažojo kaimelio,3.0,14.0
59960,2.0,34.0,2.0,Senamiestyje,4.0,0.0
59800,2.0,54.0,2.0,Bandužiuose,9.0,31.0
38500,1.0,33.2,1.0,Žardininkuose,5.0,44.0
165000,3.0,104.0,3.0,Centre,4.0,94.0
125000,3.0,85.0,4.0,Tauralaukyje,5.0,8.0
53800,3.0,62.0,9.0,Debrecene,9.0,50.0
93685,3.0,66.11,3.0,Baltijos,7.0,1.0
81460,2.0,57.56,3.0,Baltijos,7.0,1.0
575500,1.0,40.52,2.0,Baltijos,7.0,1.0
94415,2.0,66.11,2.0,Baltijos,7.0,1.0
90620,3.0,65.62,3.0,Baltijos,7.0,2.0
76690,2.0,53.64,7.0,Baltijos,7.0,0.0
57550,2.0,40.56,7.0,Baltijos,7.0,1.0
55000,2.0,49.0,5.0,Vingio,5.0,39.0
116000,3.0,55.0,4.0,Tauralaukyje,4.0,4.0
69000,3.0,64.0,3.0,Varpuose,5.0,43.0
45000,2.0,54.0,7.0,Bandužiuose,9.0,40.0
56999,2.0,53.0,2.0,Žvejybos uostas,5.0,29.0
66300,3.0,61.0,3.0,Žardininkuose,5.0,42.0
109000,3.0,68.0,3.0,Miško,4.0,14.0
72000,3.0,79.0,3.0,Poilsio,5.0,41.0
70999,3.0,64.0,3.0,Debrecene,9.0,47.0
49500,2.0,1973.0,8.0,Debrecene,9.0,48.0
96500,2.0,46.0,3.0,Senamiestyje,4.0,91.0
135000,3.0,96.0,4.0,Centre,6.0,16.0
41000,1.0,28.0,4.0,Centre,4.0,59.0
47000,2.0,49.0,8.0,Debrecene,9.0,48.0
63000,3.0,69.0,1.0,Alksnynėje,5.0,32.0
160000,4.0,133.0,3.0,Centre,4.0,113.0
65000,4.0,73.0,3.0,Žvejybos uostas,5.0,32.0
65000,2.0,54.0,3.0,Vėtrungėje,5.0,40.0
53000,2.0,55.0,3.0,Bandužiuose,5.0,30.0
68500,3.0,64.0,3.0,Alksnynėje,5.0,46.0
48000,2.0,53.0,1.0,Vingio,1.0,29.0
90000,3.0,60.0,4.0,Tauralaukyje,4.0,1.0
69000,3.0,63.0,3.0,Debrecene,1.0,46.0
39500,1.0,33.0,3.0,Debrecene,5.0,44.0
45000,1.0,33.0,2.0,Laukininkuose,5.0,36.0
74900,2.0,47.7,7.0,Baltijos,1.0,13.0
68000,3.0,65.0,5.0,Baltijos,5.0,29.0
37500,1.0,33.0,2.0,Laukininkuose,5.0,36.0
61900,2.0,42.0,3.0,Miško,5.0,53.0
63900,2.0,52.0,4.0,Žvejybos uostas,5.0,33.0
60000,2.0,62.0,5.0,Laukininkuose,5.0,34.0
74500,2.0,37.0,2.0,Klaipėdoje,4.0,3.0
38500,1.0,37.0,5.0,Vingio,5.0,39.0
54000,2.0,54.0,5.0,Laukininkuose,9.0,35.0
45000,2.0,51.0,3.0,Rumpiškėse,5.0,53.0
83000,3.0,66.0,5.0,Miško,5.0,35.0
43700,2.0,35.0,4.0,Kauno,5.0,53.0
77500,4.0,89.0,5.0,Bandužiuose,9.0,32.0
63500,3.0,64.0,1.0,Alksnynėje,9.0,44.0
49500,2.0,42.0,5.0,Sportininkuose,5.0,56.0
64000,3.0,77.0,4.0,Varpuose,5.0,29.0
94000,3.0,89.0,4.0,Vėtrungėje,5.0,40.0
135000,2.0,63.0,2.0,Mažojo kaimelio,5.0,3.0
35000,2.0,56.0,5.0,Paupiuose,5.0,42.0
32500,2.0,53.0,2.0,Debrecene,5.0,43.0
189000,6.0,194.0,1.0,Baltijos,1.0,16.0
38999,1.0,28.0,4.0,Centre,5.0,52.0
49500,2.0,43.0,5.0,Sportininkuose,5.0,56.0
35000,1.0,33.0,6.0,Vingio,9.0,41.0
159000,2.0,60.0,2.0,Centre,3.0,87.0
68500,4.0,70.0,1.0,Kauno,5.0,54.0
53900,2.0,49.0,1.0,Vingio,9.0,43.0
74000,4.0,92.0,8.0,Rumpiškėse,1.0,28.0
110000,3.0,70.0,2.0,Mažojo kaimelio,5.0,13.0
49500,2.0,43.0,5.0,Sportininkuose,5.0,56.0
230000,3.0,84.0,4.0,Centre,4.0,4.0
69500,3.0,75.0,5.0,Žvejybos uostas,5.0,34.0
37500,1.0,33.15,5.0,Baltijos,5.0,51.0
70000,3.0,62.0,4.0,Naujakiemyje,5.0,47.0
59500,2.0,39.0,5.0,Centre,5.0,57.0
55000,2.0,45.0,5.0,Centre,5.0,51.0
54000,2.0,44.0,5.0,Centre,5.0,55.0
85000,2.0,63.0,4.0,Laukininkuose,5.0,15.0
67000,3.0,65.0,5.0,Žvejybos uostas,5.0,29.0
64000,2.0,38.0,4.0,Centre,4.0,66.0
77500,3.0,78.0,2.0,Poilsio,5.0,37.0
49900,1.0,43.0,2.0,Laukininkuose,5.0,36.0
59900,3.0,64.0,4.0,Debrecene,5.0,50.0
49500,2.0,54.45,2.0,Naujakiemyje,5.0,39.0
28500,1.0,21.0,6.0,Kauno,9.0,53.0
50000,1.0,56.0,1.0,Baltijos,5.0,45.0
81000,2.0,63.0,4.0,Gedminuose,5.0,15.0
51000,2.0,44.0,4.0,Debrecene,5.0,52.0
39000,1.0,28.0,4.0,Rumpiškėse,5.0,52.0
98000,2.0,44.0,3.0,Melnragėje,3.0,9.0
55000,2.0,61.0,4.0,Bandužiuose,5.0,27.0
100000,3.0,72.0,9.0,Alksnynėje,2.0,11.0
62000,2.0,55.0,1.0,Varpuose,5.0,28.0
65000,2.0,54.0,3.0,Vėtrungėje,5.0,40.0
61900,2.0,42.0,3.0,Mažojo kaimelio,5.0,57.0
55000,2.0,47.0,5.0,Laukininkuose,5.0,37.0
40000,2.0,47.0,1.0,Žvejybos uostas,3.0,66.0
40500,2.0,43.0,4.0,Žvejybos uostas,4.0,54.0
55000,2.0,46.0,5.0,Kauno,5.0,54.0
52500,2.0,43.0,1.0,Debrecene,5.0,51.0
68500,4.0,71.0,1.0,Kauno,5.0,54.0
59000,2.0,47.0,3.0,Vingio,5.0,39.0
96000,4.0,86.0,3.0,Centre,4.0,96.0
62000,2.0,43.0,4.0,Miško,5.0,6.0
41000,1.0,29.0,4.0,Centre,4.0,59.0
83000,3.0,66.0,5.0,Miško,5.0,35.0
149900,4.0,117.0,3.0,Centre,4.0,91.0
37000,1.0,33.0,1.0,Naujakiemyje,5.0,48.0
41000,1.0,28.0,5.0,Rumpiškėse,5.0,59.0
37000,1.0,33.0,1.0,Naujakiemyje,5.0,48.0
92000,2.0,43.74,1.0,Senamiestyje,3.0,12.0
32500,1.0,28.0,9.0,Kauno,9.0,53.0
55000,3.0,71.5,2.0,Žvejybos uostas,3.0,68.0
52000,2.0,47.0,5.0,Laukininkuose,5.0,38.0
69000,3.0,55.0,3.0,Bandužiuose,5.0,36.0
48900,2.0,55.0,5.0,Klaipėdoje,5.0,38.0
80000,2.0,60.0,2.0,Klaipėdoje,5.0,14.0
96000,2.0,50.0,1.0,Vėtrungėje,5.0,12.0
59500,2.0,39.0,5.0,Centre,5.0,48.0
60000,3.0,55.45,5.0,Centre,5.0,57.0
159600,5.0,114.0,5.0,Centre,5.0,36.0
47500,1.0,38.0,1.0,Centre,3.0,66.0
159600,5.0,114.0,5.0,Centre,5.0,35.0
49500,2.0,55.0,2.0,Vingio,5.0,39.0
240000,4.0,125.0,1.0,Giruliuose,3.0,14.0
88000,3.0,78.0,2.0,Centre,2.0,82.0
130000,4.0,96.0,4.0,Kauno,6.0,15.0
63999,2.0,45.0,4.0,Kauno,4.0,55.0
59500,2.0,39.0,5.0,Centre,5.0,51.0
57500,3.0,61.0,9.0,Debrecene,9.0,50.0
135000,4.0,88.0,7.0,Tauralaukyje,7.0,15.0
90000,4.0,90.0,9.0,Bandužiuose,9.0,31.0
59990,3.0,58.0,5.0,Miško,5.0,51.0
56000,3.0,63.0,4.0,Debrecene,9.0,51.0
63000,4.0,88.0,5.0,Laukininkuose,5.0,32.0
53000,4.0,79.0,5.0,Debrecene,5.0,46.0
145000,4.0,97.0,4.0,Senamiestyje,4.0,61.0
86000,4.0,78.0,4.0,Miško,5.0,51.0
40000,2.0,45.0,3.0,Vėtrungėje,5.0,40.0
70000,3.0,77.0,1.0,Rumpiškėse,9.0,32.0
94000,3.0,89.0,4.0,Vėtrungėje,5.0,40.0
155000,4.0,145.0,3.0,Klaipėdoje,4.0,104.0
132600,3.0,84.0,1.0,Centre,3.0,24.0
72000,3.0,77.0,1.0,Paupiuose,3.0,40.0
73000,2.0,53.0,3.0,Klaipėdoje,5.0,44.0
68500,4.0,70.0,1.0,Kauno,5.0,54.0
65000,4.0,79.0,4.0,Žvejybos uostas,5.0,43.0
54600,2.0,48.0,6.0,Klaipėdoje,9.0,40.0
55000,3.0,57.0,2.0,Žvejybos uostas,3.0,53.0
60000,3.0,60.0,4.0,Vingio,5.0,46.0
11000,1.0,12.0,2.0,Klaipėdoje,5.0,44.0
130000,3.0,120.0,5.0,Centre,5.0,64.0
48500,2.0,56.0,1.0,Debrecene,5.0,7.0
165000,4.0,89.0,2.0,Centre,4.0,85.0
69000,4.0,62.0,4.0,Kauno,5.0,55.0
45000,2.0,44.0,3.0,Rumpiškėse,4.0,57.0
77000,2.0,54.0,8.0,Baltijos,1.0,16.0
100000,2.0,55.0,4.0,Senamiestyje,4.0,47.0
39000,1.0,33.0,5.0,Baltijos,5.0,51.0
84000,1.0,40.0,2.0,Mažojo kaimelio,1.0,10.0
50000,2.0,53.0,4.0,Alksnynėje,5.0,32.0
98000,3.0,65.0,2.0,Rumpiškėse,4.0,2.0
191000,3.0,83.0,1.0,Centre,2.0,15.0
200000,4.0,100.27,2.0,Centre,4.0,2.0
36000,2.0,45.0,2.0,Rimkuose,2.0,64.0
39000,2.0,44.0,9.0,Bandužiuose,9.0,23.0
63000,2.0,51.0,4.0,Kauno,5.0,55.0
53000,2.0,47.0,3.0,Kauno,5.0,56.0
56900,3.0,62.0,9.0,Debrecene,9.0,50.0
59000,3.0,78.0,5.0,Varpuose,5.0,32.0
45000,2.0,35.0,2.0,Centre,5.0,41.0
55000,2.0,48.0,5.0,Centre,5.0,54.0
59900,2.0,50.0,8.0,Vingio,9.0,41.0
74500,2.0,47.0,1.0,Alksnynėje,9.0,15.0
78000,3.0,67.25,5.0,Miško,5.0,39.0
113000,2.0,55.6,2.0,Centre,4.0,62.0
59999,2.0,43.0,2.0,Miško,5.0,57.0
61000,2.0,44.0,1.0,Centre,5.0,57.0
18000,1.0,22.0,5.0,Vėtrungėje,5.0,47.0
72800,3.0,62.0,4.0,Naujakiemyje,5.0,46.0
114900,3.0,57.0,2.0,Centre,3.0,68.0
100000,2.0,67.0,6.0,Vėtrungėje,2.0,12.0
60900,3.0,78.0,4.0,Bandužiuose,5.0,34.0
60900,3.0,78.0,4.0,Bandužiuose,5.0,34.0
64000,2.0,48.0,7.0,Vingio,9.0,38.0
71000,2.0,46.0,1.0,Centre,3.0,97.0
61900,3.0,78.0,4.0,Bandužiuose,5.0,34.0
52000,2.0,55.0,5.0,Laukininkuose,9.0,35.0
59500,2.0,39.0,5.0,Centre,5.0,48.0
109000,3.0,60.0,1.0,Vėtrungėje,5.0,12.0
68000,3.0,64.0,7.0,Šiauliuose,9.0,43.0
75000,2.0,52.0,2.0,Miško,5.0,39.0
54000,2.0,44.0,5.0,Sportininkuose,5.0,57.0
60000,3.0,72.0,2.0,Klaipėdoje,5.0,51.0
39500,2.0,38.0,5.0,Vėtrungėje,5.0,48.0
46500,3.0,62.0,1.0,Klaipėdoje,9.0,51.0
119000,3.0,63.72,3.0,Paupiuose,3.0,5.0
52000,3.0,55.3,5.0,Klaipėdoje,5.0,46.0
66000,4.0,89.0,1.0,Bandužiuose,1.0,32.0
65000,3.0,65.0,7.0,Naujakiemyje,9.0,43.0
300000,6.0,167.0,2.0,Senamiestyje,2.0,33.0
139999,3.0,94.0,8.0,Tauralaukyje,9.0,8.0
99500,3.0,68.0,8.0,Miško,9.0,32.0
69999,3.0,51.0,4.0,Miško,5.0,48.0
68000,4.0,62.0,4.0,Kauno,5.0,55.0
57500,3.0,64.0,1.0,Debrecene,5.0,49.0
47000,2.0,55.0,7.0,Vingio,9.0,30.0
37300,1.0,36.0,4.0,Laukininkuose,5.0,31.0
209000,3.0,84.0,2.0,Senamiestyje,4.0,120.0
72000,3.0,78.0,3.0,Poilsio,5.0,34.0
53500,3.0,64.0,1.0,Debrecene,5.0,49.0
42000,1.0,29.0,3.0,Baltijos,5.0,51.0
42000,1.0,30.0,3.0,Baltijos,5.0,53.0
62000,2.0,40.0,1.0,Melnragėje,2.0,62.0
73000,3.0,78.0,4.0,Poilsio,5.0,38.0
63000,2.0,50.0,5.0,Žardininkuose,9.0,41.0
61000,3.0,72.0,4.0,Baltijos,5.0,52.0
77800,3.0,62.0,4.0,Naujakiemyje,5.0,46.0
48000,2.0,49.0,1.0,Miško,5.0,50.0
50000,2.0,50.0,2.0,Centre,3.0,91.0
159600,5.0,114.0,5.0,Klaipėdoje,5.0,36.0
55000,2.0,47.0,4.0,Vingio,5.0,39.0
53000,2.0,55.0,8.0,Bandužiuose,1.0,30.0
47000,2.0,51.0,5.0,Baltijos,5.0,42.0
54000,3.0,55.0,1.0,Debrecene,5.0,52.0
56500,2.0,55.0,7.0,Vingio,9.0,39.0
53500,3.0,64.0,1.0,Debrecene,5.0,49.0
63000,2.0,50.0,6.0,Žardininkuose,9.0,41.0
52000,2.0,52.0,3.0,Žvejybos uostas,5.0,33.0
30500,1.0,33.0,9.0,Gedminuose,9.0,46.0
47400,2.0,54.0,5.0,Varpuose,5.0,26.0
63000,3.0,64.0,5.0,Alksnynėje,5.0,32.0
39500,1.0,33.0,3.0,Naujakiemyje,5.0,44.0
119999,3.0,95.0,2.0,Kauno,3.0,11.0
152000,3.0,102.0,2.0,Centre,3.0,85.0
130000,4.0,90.0,5.0,Centre,5.0,50.0
76000,4.0,88.0,9.0,Bandužiuose,9.0,43.0
175400,3.0,86.0,2.0,Centre,4.0,51.0
57000,2.0,55.0,4.0,Bandužiuose,9.0,31.0
65000,3.0,64.0,6.0,Naujakiemyje,9.0,46.0
52000,2.0,52.0,3.0,Žvejybos uostas,5.0,33.0
155000,3.0,95.0,2.0,Vėtrungėje,3.0,11.0
50000,2.0,47.0,5.0,Šiauliuose,5.0,46.0
63000,3.0,64.0,5.0,Alksnynėje,5.0,29.0
45000,2.0,54.0,5.0,Bandužiuose,5.0,31.0
71500,4.0,76.0,2.0,Vėtrungėje,5.0,43.0
53000,3.0,63.0,3.0,Vingio,9.0,42.0
90000,4.0,89.0,4.0,Klaipėdoje,5.0,28.0
63000,3.0,70.0,1.0,Debrecene,9.0,47.0
77000,4.0,92.0,2.0,Bandužiuose,9.0,29.0
82300,3.0,74.0,2.0,Klaipėdoje,2.0,1.0
130000,4.0,113.0,2.0,Miško,3.0,84.0
139999,3.0,94.0,8.0,Tauralaukyje,9.0,10.0
68000,3.0,60.0,2.0,Vingio,5.0,46.0
76000,3.0,77.0,4.0,Vingio,5.0,39.0
85000,3.0,61.0,5.0,Laukininkuose,5.0,38.0
65000,3.0,61.0,5.0,Žardininkuose,5.0,45.0
59900,4.0,77.0,5.0,Vingio,5.0,46.0
67300,3.0,55.0,1.0,Centre,4.0,46.0
94000,3.0,70.0,3.0,Vėtrungėje,5.0,3.0
66000,3.0,64.0,4.0,Naujakiemyje,9.0,36.0
72000,3.0,78.0,5.0,Klaipėdoje,5.0,32.0
79000,3.0,70.0,1.0,Klaipėdoje,5.0,26.0
104000,3.0,66.0,1.0,Mažojo kaimelio,3.0,3.0
160000,3.0,95.0,2.0,Tauralaukyje,9.0,8.0
67800,3.0,77.0,4.0,Laukininkuose,5.0,37.0
180000,3.0,85.0,1.0,Melnragėje,2.0,2.0
62500,3.0,60.0,2.0,Žvejybos uostas,3.0,41.0
89400,3.0,58.0,2.0,Sportininkuose,4.0,2.0
198000,4.0,140.0,2.0,Klaipėdoje,4.0,113.0
74500,4.0,78.0,4.0,Žvejybos uostas,5.0,41.0
115000,3.0,80.0,2.0,Vėtrungėje,2.0,16.0
99000,3.0,64.0,4.0,Mažojo kaimelio,4.0,14.0
135000,3.0,82.0,1.0,Klaipėdoje,3.0,11.0
105000,3.0,72.0,4.0,Poilsio,2.0,11.0
65000,3.0,64.0,6.0,Naujakiemyje,9.0,46.0
53000,2.0,55.0,3.0,Bandužiuose,5.0,30.0
41900,2.0,44.0,4.0,Žvejybos uostas,4.0,60.0
48000,2.0,47.0,5.0,Vingio,5.0,40.0
71000,1.0,40.0,1.0,Tauralaukyje,4.0,14.0
73000,3.0,77.0,4.0,Alksnynėje,5.0,33.0
120000,3.0,79.0,6.0,Alksnynėje,9.0,13.0
74000,2.0,53.0,3.0,Klaipėdoje,5.0,44.0
65000,2.0,50.0,5.0,Mažojo kaimelio,5.0,52.0
53000,2.0,55.0,4.0,Bandužiuose,9.0,32.0
14500,1.0,18.0,4.0,Kauno,5.0,55.0
13000,1.0,18.0,4.0,Kauno,5.0,56.0
39500,1.0,36.0,4.0,Laukininkuose,5.0,31.0
99000,4.0,100.0,3.0,Rumpiškėse,9.0,28.0
87000,3.0,77.0,4.0,Klaipėdoje,5.0,27.0
65000,4.0,88.0,5.0,Klaipėdoje,5.0,30.0
74900,3.0,69.0,8.0,Alksnynėje,9.0,43.0
54900,2.0,55.0,3.0,Laukininkuose,5.0,37.0
40300,2.0,52.0,5.0,Alksnynėje,5.0,39.0
70000,2.0,38.0,3.0,Centre,3.0,61.0
75000,2.0,45.0,3.0,Rumpiškėse,3.0,89.0
59600,2.0,56.0,9.0,Klaipėdoje,9.0,30.0
55000,2.0,45.0,5.0,Senamiestyje,5.0,51.0
8700,1.0,18.0,5.0,Kauno,5.0,54.0
29000,1.0,27.0,5.0,Kauno,5.0,71.0
47000,2.0,50.0,3.0,Žvejybos uostas,9.0,44.0
71000,3.0,69.0,2.0,Alksnynėje,9.0,40.0
69000,3.0,72.0,2.0,Vingio,1.0,26.0
103200,2.0,48.0,3.0,Mažojo kaimelio,4.0,2.0
72500,2.0,51.0,5.0,Vėtrungėje,5.0,55.0
96500,2.0,46.0,3.0,Klaipėdoje,4.0,91.0
48800,2.0,42.0,1.0,Žvejybos uostas,5.0,48.0
59999,2.0,47.0,5.0,Žardininkuose,5.0,33.0
82000,2.0,43.0,2.0,Klaipėdoje,2.0,61.0
54000,2.0,54.0,5.0,Debrecene,5.0,45.0
88000,2.0,48.0,5.0,Vėtrungėje,7.0,12.0
55000,3.0,78.0,8.0,Bandužiuose,9.0,35.0
57000,2.0,38.0,3.0,Žvejybos uostas,5.0,51.0
48000,1.0,56.0,1.0,Debrecene,5.0,45.0
59500,2.0,54.0,5.0,Alksnynėje,5.0,15.0
52000,2.0,42.0,4.0,Centre,4.0,58.0
51500,2.0,49.0,2.0,Žardininkuose,9.0,44.0
99000,2.0,82.0,1.0,Klaipėdoje,5.0,21.0
76000,2.0,57.0,1.0,Mažojo kaimelio,4.0,16.0
65000,2.0,45.0,2.0,Kauno,4.0,2.0
65000,2.0,62.0,5.0,Laukininkuose,5.0,34.0
27800,1.0,25.0,1.0,Senamiestyje,5.0,41.0
57000,2.0,48.0,5.0,Žardininkuose,5.0,43.0
63000,2.0,47.0,1.0,Laukininkuose,5.0,41.0
49900,2.0,55.0,9.0,Bandužiuose,9.0,33.0
51000,2.0,38.0,5.0,Senamiestyje,5.0,59.0
89000,2.0,57.0,1.0,Miško,4.0,13.0
36500,2.0,56.0,5.0,Paupiuose,5.0,50.0
63000,2.0,58.0,3.0,Klaipėdoje,1.0,16.0
36000,2.0,50.0,2.0,Paupiuose,5.0,50.0
99000,2.0,52.0,1.0,Klaipėdoje,4.0,34.0
39500,2.0,47.0,5.0,Žvejybos uostas,5.0,46.0
59900,2.0,46.0,2.0,Kauno,5.0,55.0
59000,2.0,40.0,4.0,Kauno,4.0,2.0
84000,1.0,40.0,2.0,Mažojo kaimelio,9.0,10.0
191000,3.0,83.0,1.0,Centre,2.0,15.0
49500,2.0,38.0,4.0,Mokyklos,5.0,55.0
47000,2.0,46.0,5.0,Debrecene,5.0,51.0
75000,2.0,67.0,1.0,Žardininkuose,5.0,22.0
65000,3.0,64.0,8.0,Alksnynėje,9.0,43.0
65000,3.0,78.0,2.0,Bandužiuose,5.0,31.0
66000,2.0,44.0,1.0,Centre,5.0,54.0
119000,3.0,64.0,3.0,Paupiuose,3.0,5.0
118000,3.0,79.0,1.0,Alksnynėje,9.0,13.0
39000,1.0,30.0,5.0,Vėtrungėje,5.0,47.0
76500,3.0,67.0,1.0,Debrecene,5.0,36.0
117000,4.0,112.3,3.0,Centre,4.0,85.0
33000,2.0,42.0,5.0,Debrecene,5.0,33.0
72000,3.0,67.0,4.0,Žvejybos uostas,5.0,30.0
39500,1.0,33.0,3.0,Gedminuose,5.0,44.0
52000,3.0,62.0,4.0,Debrecene,5.0,50.0
99000,2.0,46.0,3.0,Centre,4.0,41.0
91500,2.0,58.0,2.0,Centre,5.0,15.0
49000,1.0,43.0,5.0,Bandužiuose,1.0,30.0
50000,2.0,54.0,2.0,Vingio,5.0,39.0
40000,1.0,33.0,5.0,Mokyklos,5.0,41.0
65000,3.0,62.0,3.0,Alksnynėje,5.0,33.0
82000,2.0,44.0,5.0,Gedminuose,5.0,2.0
68000,2.0,66.0,3.0,Bandužiuose,5.0,29.0
35500,2.0,40.0,2.0,Mažojo kaimelio,2.0,90.0
48000,2.0,38.0,5.0,Rumpiškėse,5.0,57.0
43800,2.0,35.0,4.0,Kauno,5.0,53.0
110000,2.0,70.0,2.0,Tauralaukyje,5.0,13.0
112500,2.0,52.0,2.0,Centre,3.0,36.0
43000,2.0,35.0,2.0,Centre,5.0,41.0
70000,2.0,71.0,3.0,Mažojo kaimelio,3.0,9.0
10500,1.0,17.0,4.0,Žvejybos uostas,4.0,52.0
45000,2.0,57.0,7.0,Žvejybos uostas,9.0,39.0
173000,2.0,74.0,1.0,Centre,2.0,14.0
65000,2.0,51.0,5.0,Alksnynėje,5.0,26.0
73000,1.0,44.0,1.0,Klaipėdoje,1.0,19.0
54000,2.0,44.0,1.0,Centre,5.0,59.0
65000,2.0,39.0,5.0,Centre,5.0,57.0
37000,2.0,44.0,2.0,Trinyčiuose,2.0,88.0
108000,2.0,54.0,1.0,Klaipėdoje,5.0,2.0
55000,2.0,52.0,5.0,Debrecene,5.0,52.0
9800,1.0,12.0,5.0,Debrecene,5.0,46.0
10000,1.0,18.0,2.0,Klaipėdoje,5.0,57.0
35500,1.0,35.0,2.0,Žvejybos uostas,5.0,31.0
48000,1.0,34.0,4.0,Žvejybos uostas,5.0,29.0
67999,2.0,55.0,3.0,Bandužiuose,5.0,36.0
45000,2.0,54.0,5.0,Bandužiuose,5.0,31.0
61000,3.0,65.0,3.0,Alksnynėje,5.0,27.0
47900,2.0,55.0,4.0,Žardininkuose,5.0,42.0
68000,3.0,61.0,3.0,Žardininkuose,5.0,42.0
39000,2.0,45.0,3.0,Centre,5.0,48.0
73500,3.0,67.0,1.0,Debrecene,5.0,54.0
125000,5.0,177.0,1.0,Paupiuose,4.0,64.0
52000,2.0,54.0,5.0,Varpuose,5.0,26.0
59000,2.0,41.6,2.0,Centre,3.0,68.0
68000,4.0,70.7,2.0,Kauno,5.0,54.0
59500,2.0,37.02,1.0,Senamiestyje,2.0,84.0
72000,3.0,78.0,5.0,Vingio,5.0,34.0
115000,2.0,52.0,3.0,Centre,4.0,36.0
47000,2.0,52.0,4.0,Žvejybos uostas,5.0,29.0
66000,3.0,62.0,3.0,Žardininkuose,5.0,42.0
48000,2.0,52.0,4.0,Žvejybos uostas,5.0,29.0
49000,3.0,55.0,5.0,Baltijos,5.0,50.0
61500,2.0,40.0,1.0,Centre,5.0,61.0
113000,2.0,58.0,5.0,Senamiestyje,1.0,10.0
55000,2.0,45.0,5.0,Centre,5.0,51.0
59500,2.0,55.0,5.0,Alksnynėje,5.0,15.0
107000,3.0,84.0,4.0,Mažojo kaimelio,9.0,14.0
133000,3.0,116.0,3.0,Centre,3.0,88.0
45500,2.0,52.0,4.0,Klaipėdoje,5.0,29.0
109000,3.0,100.0,2.0,Poilsio,3.0,65.0
53500,2.0,44.0,5.0,Sportininkuose,5.0,53.0
84995,2.0,59.14,6.0,Baltijos,7.0,1.0
67815,2.0,48.92,1.0,Baltijos,7.0,1.0
76500,3.0,67.0,1.0,Debrecene,3.0,36.0
57000,2.0,54.0,5.0,Vėtrungėje,5.0,40.0
129500,3.0,94.0,2.0,Miško,3.0,5.0
64500,2.0,43.0,5.0,Centre,5.0,57.0
54000,3.0,64.0,7.0,Naujakiemyje,9.0,45.0
65000,3.0,65.0,3.0,Alksnynėje,5.0,27.0
73500,3.0,67.0,1.0,Debrecene,5.0,36.0
55000,2.0,45.0,5.0,Senamiestyje,5.0,51.0
67000,1.0,38.0,3.0,Senamiestyje,3.0,65.0
139000,2.0,64.0,2.0,Miško,5.0,6.0
8000,1.0,18.0,4.0,Žvejybos uostas,4.0,51.0
71000,3.0,64.0,2.0,Vingio,9.0,45.0
10500,1.0,18.0,5.0,Kauno,5.0,54.0
110000,3.0,82.0,2.0,Žvejybos uostas,3.0,64.0
105000,3.0,70.0,2.0,Alksnynėje,9.0,15.0
160000,3.0,85.0,2.0,Senamiestyje,2.0,33.0
172000,3.0,90.1,5.0,Centre,6.0,16.0
72000,2.0,43.0,1.0,Centre,3.0,67.0
75000,2.0,40.0,2.0,Sportininkuose,2.0,61.0
140000,3.0,75.0,2.0,Senamiestyje,2.0,33.0
61000,2.0,47.0,4.0,Laukininkuose,5.0,40.0
84100,2.0,44.0,5.0,Varpuose,5.0,2.0
125000,3.0,72.0,7.0,Miško,9.0,32.0
56000,2.0,46.0,5.0,Kauno,5.0,54.0
145000,3.0,85.0,7.0,Mažojo kaimelio,1.0,5.0
39000,1.0,43.51,5.0,Bandužiuose,5.0,33.0
70000,3.0,78.0,6.0,Bandužiuose,9.0,30.0
179000,3.0,72.0,3.0,Centre,2.0,13.0
50000,3.0,78.0,4.0,Vingio,9.0,32.0
67000,3.0,79.0,2.0,Laukininkuose,5.0,37.0
45000,2.0,54.0,5.0,Bandužiuose,5.0,31.0
58000,2.0,53.98,5.0,Centre,5.0,40.0
61000,2.0,49.0,4.0,Kauno,5.0,51.0
55500,2.0,51.0,5.0,Vėtrungėje,5.0,47.0
53000,2.0,54.0,2.0,Vingio,5.0,39.0
44000,2.0,48.0,9.0,Žvejybos uostas,9.0,32.0
57500,2.0,47.0,2.0,Debrecene,5.0,45.0
94999,3.0,56.98,7.0,Miško,8.0,13.0
100000,3.0,56.0,4.0,Miško,9.0,13.0
46000,2.0,46.0,5.0,Žardininkuose,5.0,45.0
49000,2.0,48.0,6.0,Žvejybos uostas,9.0,40.0
27000,1.0,20.0,3.0,Centre,4.0,63.0
57000,2.0,47.0,1.0,Naujakiemyje,5.0,46.0
42000,2.0,48.0,9.0,Žvejybos uostas,9.0,32.0
58000,3.0,64.0,7.0,Gedminuose,9.0,50.0
68400,1.0,37.0,3.0,Senamiestyje,3.0,70.0
105000,3.0,70.0,2.0,Alksnynėje,9.0,15.0
48500,3.0,67.09,4.0,Žvejybos uostas,5.0,46.0
94000,2.0,60.0,3.0,Centre,3.0,65.0
62000,3.0,66.41,5.0,Alksnynėje,5.0,23.0
76000,2.0,49.0,3.0,Centre,3.0,64.0
95000,2.0,52.0,1.0,Senamiestyje,4.0,34.0
68000,2.0,67.0,2.0,Laukininkuose,5.0,43.0
102000,3.0,65.0,6.0,Centre,7.0,12.0
20000,1.0,16.0,1.0,Žvejybos uostas,4.0,60.0
50000,2.0,53.0,5.0,Vingio,1.0,29.0
105000,3.0,70.0,2.0,Alksnynėje,9.0,15.0
73500,3.0,78.99,5.0,Laukininkuose,5.0,32.0
57000,2.0,47.5,1.0,Naujakiemyje,5.0,46.0
60000,2.0,67.0,4.0,Poilsio,5.0,35.0
65000,2.0,67.0,4.0,Žvejybos uostas,5.0,26.0
65000,2.0,47.0,2.0,Vingio,5.0,43.0
126000,3.0,82.98,1.0,Centre,5.0,16.0
102000,3.0,66.67,3.0,Senamiestyje,5.0,16.0
115000,3.0,57.0,2.0,Centre,3.0,68.0
52000,2.0,48.0,7.0,Žvejybos uostas,9.0,40.0
47999,3.0,63.99,5.0,Debrecene,9.0,47.0
185000,3.0,115.0,2.0,Centre,3.0,6.0
13999,1.0,11.0,3.0,Žvejybos uostas,4.0,47.0
112400,3.0,76.81,1.0,Miško,7.0,3.0
79800,2.0,50.97,1.0,Miško,7.0,3.0
113800,3.0,78.68,1.0,Miško,7.0,3.0
68000,3.0,77.0,4.0,Varpuose,5.0,28.0
65000,3.0,77.51,2.0,Bandužiuose,5.0,31.0
27000,1.0,33.0,1.0,Smeltėje,2.0,86.0
122000,2.0,61.0,3.0,Centre,3.0,1.0
129700,2.0,64.85,3.0,Centre,3.0,1.0
224000,4.0,112.0,2.0,Centre,3.0,1.0
57999,2.0,49.0,3.0,Vėtrungėje,5.0,31.0
46000,2.0,35.0,4.0,Centre,5.0,52.0
43000,1.0,33.0,9.0,Vingio,9.0,41.0
52550,2.0,48.0,7.0,Žvejybos uostas,9.0,40.0
37500,1.0,31.0,5.0,Centre,5.0,41.0
114000,3.0,77.0,3.0,Mažojo kaimelio,4.0,10.0
55000,2.0,66.0,5.0,Laukininkuose,5.0,36.0
59000,4.0,79.0,1.0,Žardininkuose,5.0,40.0
49000,3.0,55.0,5.0,Centre,5.0,50.0
115000,3.0,57.0,2.0,Senamiestyje,3.0,68.0
8500,1.0,10.0,2.0,Klaipėdoje,4.0,59.0
37000,1.0,36.0,4.0,Laukininkuose,5.0,31.0
85700,3.0,53.0,5.0,Alksnynėje,9.0,9.0
45000,1.0,33.0,2.0,Bandužiuose,5.0,37.0
60000,3.0,70.0,3.0,Žvejybos uostas,9.0,35.0
65000,3.0,69.0,8.0,Vingio,9.0,39.0
65500,3.0,63.0,3.0,Vingio,5.0,40.0
65500,3.0,63.0,3.0,Vingio,5.0,40.0
65500,3.0,63.0,3.0,Vingio,5.0,40.0
57000,2.0,49.0,3.0,Vėtrungėje,5.0,31.0
48000,3.0,64.0,1.0,Naujakiemyje,9.0,45.0
59000,2.0,38.1,2.0,Centre,2.0,93.0
118000,2.0,70.0,1.0,Vėtrungėje,2.0,12.0
110000,3.0,85.8,2.0,Centre,3.0,12.0
63500,3.0,65.0,3.0,Žardininkuose,9.0,44.0
99000,3.0,69.0,6.0,Miško,1.0,12.0
59500,2.0,55.0,3.0,Bandužiuose,9.0,32.0
59999,3.0,77.0,8.0,Laukininkuose,6.0,36.0
45000,2.0,55.0,5.0,Bandužiuose,5.0,31.0
61000,2.0,63.0,2.0,Gedminuose,5.0,34.0
110000,2.0,52.0,2.0,Centre,3.0,36.0
69000,3.0,64.0,4.0,Naujakiemyje,5.0,39.0
77000,4.0,89.0,8.0,Bandužiuose,1.0,32.0
60000,2.0,50.0,6.0,Debrecene,9.0,44.0
81990,3.0,57.57,4.0,Baltijos,7.0,1.0
66300,3.0,61.0,2.0,Žardininkuose,5.0,43.0
65000,3.0,56.0,4.0,Trinyčiuose,5.0,56.0
53000,2.0,54.0,2.0,Klaipėdoje,5.0,39.0
63000,3.0,64.0,5.0,Alksnynėje,5.0,32.0
38000,1.0,36.0,4.0,Vingio,5.0,31.0
80000,3.0,70.0,3.0,Alksnynėje,5.0,23.0
65000,2.0,47.0,3.0,Naujakiemyje,5.0,48.0
53000,2.0,36.0,2.0,Žvejybos uostas,3.0,67.0
59999,2.0,52.7,3.0,Alksnynėje,5.0,41.0
56000,2.0,47.0,2.0,Žardininkuose,5.0,47.0
40000,2.0,38.0,3.0,Tauralaukyje,3.0,36.0
45500,4.0,71.07,4.0,Debrecene,5.0,53.0
56999,2.0,51.0,1.0,Kauno,5.0,42.0
59900,2.0,46.0,2.0,Kauno,5.0,55.0
155000,3.0,73.0,2.0,Centre,3.0,14.0
47000,2.0,42.0,2.0,Vėtrungėje,2.0,61.0
52000,2.0,48.0,7.0,Žvejybos uostas,9.0,40.0
165000,4.0,89.0,2.0,Senamiestyje,4.0,85.0
57500,2.0,51.0,1.0,Klaipėdoje,5.0,42.0
49000,2.0,53.0,3.0,Centre,5.0,40.0
49900,2.0,37.0,5.0,Alksnynėje,5.0,17.0
135000,4.0,97.0,4.0,Senamiestyje,4.0,61.0
58000,2.0,44.0,4.0,Rumpiškėse,4.0,56.0
87000,3.0,77.0,4.0,Vingio,5.0,27.0
54000,3.0,65.0,1.0,Žvejybos uostas,3.0,65.0
68500,4.0,70.0,1.0,Kauno,5.0,54.0
65000,4.0,79.0,1.0,Vingio,5.0,41.0
77500,4.0,89.0,5.0,Bandužiuose,9.0,32.0
81000,3.0,70.0,3.0,Alksnynėje,5.0,23.0
85700,2.0,53.0,5.0,Poilsio,9.0,9.0
175000,2.0,64.0,1.0,Centre,2.0,10.0
50000,2.0,47.0,1.0,Vingio,5.0,36.0
49900,2.0,48.0,1.0,Debrecene,5.0,50.0
67000,2.0,52.0,5.0,Alksnynėje,5.0,41.0
79500,3.0,55.88,3.0,Kauno,4.0,1.0
14500,2.0,36.0,4.0,Klaipėdoje,5.0,50.0
67000,3.0,75.0,3.0,Alksnynėje,5.0,27.0
67000,2.0,42.0,1.0,Miško,5.0,56.0
60000,2.0,50.0,6.0,Debrecene,9.0,44.0
75000,2.0,49.0,2.0,Centre,3.0,58.0
144000,3.0,94.0,8.0,Mažojo kaimelio,9.0,10.0
74800,3.0,71.0,2.0,Paupiuose,2.0,1.0
31000,1.0,26.0,3.0,Centre,5.0,56.0
94000,2.0,54.0,3.0,Tauralaukyje,5.0,14.0
52000,2.0,55.0,5.0,Laukininkuose,9.0,35.0
35000,1.0,37.0,5.0,Bandužiuose,5.0,31.0
85000,4.0,93.0,1.0,Vėtrungėje,5.0,47.0
50000,2.0,44.0,2.0,Kauno,5.0,42.0
63000,2.0,39.0,2.0,Rumpiškėse,5.0,51.0
67500,4.0,78.0,1.0,Laukininkuose,5.0,36.0
30000,1.0,27.0,5.0,Kauno,5.0,37.0
81990,3.0,57.57,4.0,Baltijos,7.0,1.0
145000,3.0,85.0,7.0,Miško,1.0,5.0
70000,1.0,40.0,1.0,Tauralaukyje,4.0,14.0
42000,2.0,48.0,9.0,Žvejybos uostas,9.0,32.0
115000,3.0,75.0,3.0,Mažojo kaimelio,9.0,11.0
122000,3.0,82.0,1.0,Centre,6.0,16.0
76500,2.0,44.0,2.0,Paupiuose,4.0,1.0
62500,3.0,61.0,4.0,Naujakiemyje,5.0,44.0
68500,4.0,70.7,1.0,Kauno,5.0,54.0
59000,3.0,62.0,4.0,Naujakiemyje,5.0,46.0
150000,3.0,85.0,7.0,Miško,1.0,5.0
68450,1.0,38.0,3.0,Senamiestyje,3.0,70.0
155000,3.0,95.0,2.0,Vėtrungėje,3.0,12.0
48000,3.0,60.0,1.0,Žvejybos uostas,5.0,49.0
58000,3.0,62.0,4.0,Naujakiemyje,5.0,46.0
48000,1.0,56.0,1.0,Klaipėdoje,5.0,45.0
179000,6.0,179.0,3.0,Mažojo kaimelio,5.0,25.0
67000,2.0,52.0,1.0,Alksnynėje,5.0,25.0
59900,3.0,64.0,8.0,Vingio,9.0,45.0
73000,2.0,52.6,3.0,Alksnynėje,5.0,44.0
75000,3.0,65.0,1.0,Debrecene,1.0,44.0
68400,1.0,38.0,3.0,Senamiestyje,3.0,70.0
64000,3.0,65.0,5.0,Debrecene,9.0,48.0
47900,2.0,49.0,4.0,Baltijos,5.0,30.0
65000,3.0,58.79,5.0,Centre,5.0,56.0
179900,3.0,71.58,4.0,Senamiestyje,4.0,5.0
56000,2.0,57.0,5.0,Žvejybos uostas,5.0,24.0
61000,3.0,69.0,1.0,Alksnynėje,5.0,30.0
105000,3.0,65.0,6.0,Vėtrungėje,7.0,12.0
119000,3.0,64.0,3.0,Paupiuose,3.0,5.0
66000,3.0,68.0,4.0,Baltijos,5.0,43.0
145000,3.0,193.0,1.0,Žvejybos uostas,3.0,63.0
165000,4.0,100.0,3.0,Centre,3.0,62.0
70000,3.0,62.0,4.0,Naujakiemyje,5.0,47.0
70000,3.0,62.0,4.0,Naujakiemyje,5.0,47.0
62500,3.0,61.0,4.0,Naujakiemyje,5.0,45.0
87200,4.0,70.0,7.0,Poilsio,8.0,2.0
70000,3.0,64.0,4.0,Naujakiemyje,5.0,49.0
79000,3.0,70.0,3.0,Alksnynėje,5.0,23.0
35000,1.0,33.0,2.0,Vingio,9.0,41.0
91000,3.0,53.0,2.0,Tauralaukyje,3.0,2.0
51500,2.0,49.0,2.0,Žardininkuose,9.0,44.0
84000,5.0,90.0,1.0,Alksnynėje,5.0,28.0
94900,2.0,46.0,3.0,Senamiestyje,4.0,91.0
65000,2.0,39.0,5.0,Centre,5.0,57.0
74000,2.0,47.0,1.0,Varpuose,9.0,16.0
65000,4.0,64.0,4.0,Kauno,5.0,55.0
125000,3.0,85.0,4.0,Tauralaukyje,5.0,8.0
59000,2.0,53.0,9.0,Klaipėdoje,9.0,1.0
13500,1.0,22.0,4.0,Debrecene,5.0,43.0
118000,3.0,79.0,6.0,Alksnynėje,9.0,13.0
86000,4.0,72.0,4.0,Miško,5.0,51.0
43500,2.0,35.0,2.0,Senamiestyje,5.0,41.0
65000,2.0,39.0,5.0,Centre,5.0,57.0
119000,3.0,63.72,3.0,Paupiuose,3.0,5.0
55000,2.0,55.12,6.0,Žardininkuose,9.0,43.0
73500,2.0,35.0,1.0,Senamiestyje,4.0,64.0
67000,3.0,61.0,1.0,Centre,5.0,54.0
26300,1.0,20.24,3.0,Centre,1.0,50.0
130000,4.0,78.0,2.0,Klaipėdoje,4.0,40.0
175000,3.0,126.0,4.0,Mažojo kaimelio,5.0,14.0
57000,2.0,50.0,1.0,Kauno,5.0,54.0
62000,2.0,50.0,8.0,Naujakiemyje,9.0,41.0
120000,2.0,63.0,1.0,Vėtrungėje,2.0,12.0
62500,3.0,61.0,4.0,Naujakiemyje,5.0,44.0
57000,2.0,45.0,5.0,Kauno,5.0,55.0
64000,3.0,77.0,4.0,Alksnynėje,5.0,25.0
59900,3.0,50.0,8.0,Naujakiemyje,9.0,41.0
73999,3.0,77.0,4.0,Laukininkuose,5.0,37.0
54000,3.0,72.0,5.0,Baltijos,5.0,53.0
53000,2.0,55.0,4.0,Bandužiuose,9.0,32.0
49000,2.0,38.0,4.0,Mokyklos,5.0,57.0
108000,3.0,78.0,5.0,Alksnynėje,9.0,10.0
114500,4.0,82.0,2.0,Paupiuose,4.0,1.0
57000,2.0,39.0,1.0,Rumpiškėse,5.0,56.0
48000,2.0,46.0,3.0,Bandužiuose,5.0,32.0
88000,4.0,72.0,4.0,Miško,5.0,51.0
88000,4.0,72.0,4.0,Miško,5.0,51.0
59000,3.0,50.0,8.0,Šiauliuose,9.0,41.0
65000,3.0,78.0,2.0,Poilsio,5.0,33.0
63000,4.0,79.0,1.0,Alksnynėje,5.0,44.0
49900,2.0,47.0,1.0,Klaipėdoje,5.0,51.0
51000,3.0,69.0,6.0,Klaipėdoje,9.0,51.0
137000,2.0,64.0,2.0,Mažojo kaimelio,5.0,3.0
53000,3.0,76.95,7.0,Bandužiuose,9.0,34.0
110500,2.0,66.8,9.0,Centre,2.0,12.0
92900,3.0,65.2,5.0,Debrecene,5.0,17.0
111090,3.0,79.35,5.0,Centre,2.0,12.0
44000,2.0,54.0,1.0,Kauno,5.0,54.0
79500,3.0,56.0,3.0,Kauno,4.0,1.0
131207,3.0,97.19,4.0,Centre,2.0,12.0
96900,3.0,58.0,4.0,Klaipėdoje,1.0,16.0
52000,2.0,55.0,5.0,Bandužiuose,5.0,33.0
98500,2.0,51.0,1.0,Miško,5.0,7.0
71000,3.0,71.0,2.0,Paupiuose,2.0,2.0
65000,3.0,56.0,4.0,Centre,5.0,56.0
65000,3.0,56.0,4.0,Rumpiškėse,5.0,56.0
73000,2.0,53.0,3.0,Alksnynėje,5.0,44.0
65000,2.0,51.0,3.0,Kauno,5.0,52.0
92000,3.0,78.0,3.0,Centre,4.0,63.0
125000,3.0,85.0,4.0,Tauralaukyje,5.0,8.0
95000,3.0,63.0,2.0,Vėtrungėje,4.0,3.0
52000,2.0,52.0,5.0,Alksnynėje,4.0,34.0
45500,2.0,51.0,2.0,Baltijos,9.0,51.0
127000,2.0,63.0,2.0,Mažojo kaimelio,5.0,3.0
62000,2.0,55.0,4.0,Laukininkuose,9.0,33.0
115000,3.0,65.0,2.0,Vėtrungėje,2.0,14.0
54900,2.0,56.0,3.0,Vingio,5.0,37.0
88000,4.0,72.0,4.0,Miško,5.0,51.0
65000,1.0,35.0,2.0,Vėtrungėje,4.0,15.0
69000,3.0,79.0,3.0,Bandužiuose,9.0,33.0
46000,2.0,55.0,9.0,Bandužiuose,9.0,32.0
74500,2.0,47.0,1.0,Centre,9.0,15.0
75000,2.0,45.0,3.0,Centre,3.0,89.0
65000,3.0,78.0,6.0,Laukininkuose,9.0,32.0
67000,2.0,43.0,1.0,Rumpiškėse,4.0,57.0
53900,2.0,50.0,5.0,Baltijos,5.0,53.0
62000,2.0,55.0,2.0,Centre,9.0,30.0
192000,3.0,84.0,1.0,Centre,2.0,14.0
40000,1.0,26.0,1.0,Kauno,5.0,54.0
87000,2.0,46.0,2.0,Centre,3.0,67.0
84000,1.0,40.0,2.0,Mažojo kaimelio,9.0,10.0
72000,3.0,77.0,1.0,Joniškėje,3.0,40.0
60000,3.0,64.0,2.0,Naujakiemyje,9.0,46.0
54900,2.0,56.0,3.0,Laukininkuose,5.0,37.0
57000,2.0,49.5,1.0,Kauno,5.0,54.0
69000,3.0,69.0,2.0,Baltijos,9.0,48.0
75000,4.0,88.0,5.0,Laukininkuose,9.0,33.0
70000,2.0,54.0,5.0,Laukininkuose,5.0,31.0
32500,1.0,33.0,5.0,Žvejybos uostas,5.0,37.0
93000,3.0,65.0,2.0,Rumpiškėse,4.0,2.0
108000,3.0,79.0,5.0,Alksnynėje,9.0,9.0
45999,4.0,71.1,4.0,Debrecene,5.0,53.0
37000,1.0,30.0,5.0,Mokyklos,5.0,52.0
189000,2.0,64.0,2.0,Senamiestyje,4.0,5.0
71000,3.0,78.0,3.0,Klaipėdoje,3.0,65.0
91500,2.0,57.7,2.0,Centre,5.0,15.0
115000,3.0,80.0,2.0,Vėtrungėje,2.0,16.0
55500,2.0,53.0,5.0,Laukininkuose,5.0,38.0
85000,2.0,52.0,3.0,Debrecene,5.0,17.0
71500,2.0,39.0,5.0,Centre,5.0,61.0
55000,3.0,78.0,2.0,Bandužiuose,9.0,29.0
55000,2.0,48.0,3.0,Žardininkuose,5.0,43.0
63000,3.0,64.0,4.0,Miško,5.0,41.0
72000,2.0,48.0,2.0,Centre,3.0,120.0
69000,2.0,42.0,4.0,Centre,5.0,56.0
68000,3.0,78.0,3.0,Bandužiuose,9.0,33.0
63000,3.0,64.0,3.0,Debrecene,5.0,50.0
69800,3.0,77.0,4.0,Laukininkuose,5.0,37.0
63800,3.0,50.23,5.0,Žvejybos uostas,8.0,2.0
56100,2.0,42.09,5.0,Poilsio,8.0,2.0
66900,3.0,64.0,9.0,Vingio,9.0,36.0
74999,3.0,62.0,9.0,Baltijos,9.0,52.0
103200,2.0,48.0,3.0,Melnragėje,4.0,3.0
115000,3.0,63.0,3.0,Miško,9.0,13.0
52000,2.0,44.0,5.0,Mokyklos,5.0,57.0
12500,1.0,18.0,4.0,Kauno,5.0,56.0
165000,3.0,66.0,3.0,Senamiestyje,3.0,111.0
62900,3.0,63.0,5.0,Naujakiemyje,5.0,49.0
111090,3.0,79.35,7.0,Baltijos,2.0,12.0
55900,2.0,43.0,5.0,Miško,5.0,53.0
56000,2.0,43.0,5.0,Miško,5.0,53.0
55500,2.0,53.0,5.0,Laukininkuose,5.0,38.0
71000,3.0,65.0,8.0,Naujakiemyje,9.0,47.0
40000,1.0,44.0,5.0,Bandužiuose,5.0,31.0
60000,3.0,64.0,5.0,Alksnynėje,5.0,45.0
165000,3.0,66.0,3.0,Senamiestyje,3.0,111.0
53500,2.0,50.0,5.0,Baltijos,5.0,53.0
53500,2.0,46.0,5.0,Vingio,5.0,41.0
64999,3.0,64.0,3.0,Debrecene,5.0,50.0
13000,1.0,22.0,1.0,Baltijos,5.0,39.0
61000,2.0,63.0,1.0,Bandužiuose,5.0,33.0
48000,1.0,44.0,2.0,Bandužiuose,5.0,33.0
57800,2.0,50.0,3.0,Vingio,9.0,45.0
50000,2.0,65.0,6.0,Klaipėdoje,9.0,54.0
44900,2.0,47.0,5.0,Žardininkuose,5.0,45.0
63000,2.0,55.0,2.0,Bandužiuose,9.0,30.0
69900,3.0,63.0,4.0,Debrecene,5.0,47.0
41500,1.0,33.0,1.0,Naujakiemyje,9.0,42.0
50000,2.0,42.0,4.0,Rumpiškėse,4.0,57.0
61000,3.0,64.0,4.0,Žardininkuose,9.0,43.0
48000,2.0,47.0,5.0,Debrecene,5.0,46.0
45000,2.0,51.0,3.0,Kauno,5.0,54.0
165000,3.0,66.0,3.0,Senamiestyje,3.0,111.0
130000,3.0,89.0,3.0,Mažojo kaimelio,7.0,13.0
48500,2.0,48.0,6.0,Žvejybos uostas,9.0,40.0
68000,3.0,78.0,5.0,Laukininkuose,5.0,34.0
52000,2.0,37.0,6.0,Poilsio,8.0,2.0
65000,2.0,50.0,5.0,Mažojo kaimelio,5.0,52.0
74000,3.0,68.0,2.0,Debrecene,9.0,48.0
108000,3.0,68.0,5.0,Mažojo kaimelio,1.0,6.0
125000,3.0,92.0,3.0,Centre,4.0,67.0
66000,2.0,44.0,2.0,Vitėje,5.0,52.0
78000,3.0,77.0,3.0,Bandužiuose,5.0,30.0
77000,3.0,62.0,9.0,Baltijos,9.0,52.0
75000,2.0,38.0,3.0,Centre,4.0,61.0
63000,3.0,70.0,1.0,Debrecene,9.0,47.0
119000,3.0,80.0,1.0,Vėtrungėje,2.0,16.0
70900,3.0,54.0,8.0,Žvejybos uostas,8.0,4.0
60000,2.0,54.0,2.0,Bandužiuose,9.0,32.0
130000,3.0,100.0,2.0,Senamiestyje,4.0,64.0
57200,2.0,42.0,6.0,Žvejybos uostas,8.0,4.0
210000,4.0,105.0,2.0,Giruliuose,3.0,16.0
45000,1.0,37.0,4.0,Klaipėdoje,5.0,28.0
63000,3.0,67.0,5.0,Klaipėdoje,5.0,29.0
19000,1.0,17.0,4.0,Kauno,5.0,48.0
49999,1.0,44.0,3.0,Bandužiuose,5.0,30.0
110000,3.0,64.0,2.0,Mažojo kaimelio,4.0,16.0
88000,3.0,75.0,2.0,Centre,2.0,86.0
125000,3.0,83.0,2.0,Centre,4.0,67.0
125000,3.0,64.0,1.0,Mažojo kaimelio,5.0,14.0
49000,2.0,47.0,4.0,Naujakiemyje,5.0,50.0
50000,2.0,64.0,5.0,Laukininkuose,5.0,37.0
155900,3.0,88.0,3.0,Centre,3.0,3.0
26800,1.0,25.29,1.0,Senamiestyje,5.0,41.0
30600,1.0,33.0,9.0,Senamiestyje,9.0,46.0
27800,1.0,25.29,1.0,Centre,3.0,41.0
86000,2.0,44.0,2.0,Centre,3.0,82.0
55000,2.0,55.0,5.0,Bandužiuose,1.0,29.0
54500,3.0,77.0,8.0,Bandužiuose,9.0,34.0
47000,1.0,43.18,2.0,Laukininkuose,5.0,36.0
32500,1.0,33.0,9.0,Vingio,9.0,46.0
109000,3.0,65.0,1.0,Vėtrungėje,7.0,14.0
99500,4.0,103.0,3.0,Centre,3.0,67.0
50000,3.0,57.0,5.0,Kauno,5.0,55.0
53000,2.0,47.0,5.0,Žardininkuose,5.0,43.0
149500,3.0,109.0,1.0,Centre,4.0,64.0
57000,2.0,55.0,8.0,Vingio,9.0,40.0
40000,2.0,40.0,3.0,Senamiestyje,3.0,121.0
62000,2.0,47.0,5.0,Debrecene,5.0,48.0
59000,2.0,40.0,2.0,Kauno,5.0,1.0
62000,2.0,43.0,1.0,Melnragėje,2.0,121.0
64000,3.0,55.0,1.0,Centre,4.0,56.0
52999,2.0,43.0,1.0,Rumpiškėse,5.0,56.0
69000,2.0,40.0,4.0,Centre,4.0,9.0
110000,2.0,70.0,2.0,Miško,5.0,13.0
93500,3.0,66.26,1.0,Baltijos,7.0,1.0
66500,2.0,49.0,4.0,Debrecene,5.0,7.0
44000,1.0,33.0,2.0,Alksnynėje,5.0,42.0
72000,2.0,54.0,6.0,Baltijos,9.0,17.0
68000,2.0,54.0,5.0,Laukininkuose,5.0,31.0
110000,3.0,64.0,2.0,Mažojo kaimelio,4.0,16.0
68000,3.0,61.0,2.0,Vingio,5.0,41.0
74500,4.0,89.0,2.0,Bandužiuose,9.0,32.0
67999,3.0,71.0,4.0,Alksnynėje,5.0,37.0
75000,3.0,65.0,3.0,Sportininkuose,5.0,37.0
69000,2.0,36.0,1.0,Vėtrungėje,2.0,76.0
77000,2.0,47.0,2.0,Ginduliuose,3.0,9.0
96570,3.0,66.69,2.0,Baltijos,7.0,2.0
51000,2.0,54.0,5.0,Bandužiuose,5.0,33.0
129000,3.0,84.0,3.0,Centre,3.0,43.0
69900,3.0,64.0,8.0,Šiauliuose,9.0,43.0
30000,1.0,27.0,5.0,Kauno,5.0,71.0
60000,2.0,55.0,4.0,Bandužiuose,9.0,30.0
70000,3.0,64.0,8.0,Naujakiemyje,9.0,43.0
169000,3.0,86.0,2.0,Centre,4.0,51.0
35000,1.0,30.0,4.0,Debrecene,5.0,53.0
125000,3.0,85.0,1.0,Centre,4.0,65.0
38000,1.0,44.0,3.0,Laukininkuose,5.0,37.0
72000,2.0,48.0,2.0,Centre,3.0,110.0
110000,2.0,70.0,2.0,Miško,5.0,13.0
88000,3.0,78.0,2.0,Centre,2.0,86.0
74500,4.0,89.0,2.0,Bandužiuose,9.0,32.0
79999,3.0,65.0,5.0,Kauno,5.0,52.0
67900,2.0,38.0,2.0,Centre,5.0,54.0
36000,1.0,36.0,1.0,Laukininkuose,5.0,27.0
53000,3.0,78.0,5.0,Laukininkuose,5.0,37.0
74999,4.0,74.0,5.0,Alksnynėje,5.0,29.0
63000,3.0,61.7,3.0,Laukininkuose,5.0,38.0
105000,3.0,100.0,2.0,Alksnynėje,3.0,65.0
130000,3.0,100.0,2.0,Centre,4.0,111.0
40000,1.0,30.0,5.0,Mokyklos,5.0,50.0
62000,3.0,63.0,2.0,Gedminuose,5.0,44.0
60000,3.0,59.0,2.0,Centre,5.0,60.0
62000,3.0,61.0,2.0,Naujakiemyje,5.0,43.0
64000,3.0,77.0,4.0,Alksnynėje,5.0,25.0
60500,2.0,48.0,4.0,Debrecene,5.0,43.0
95000,3.0,67.0,3.0,Centre,5.0,16.0
53000,2.0,47.0,4.0,Žardininkuose,5.0,47.0
76500,2.0,45.0,3.0,Tauralaukyje,4.0,14.0
108000,2.0,70.0,3.0,Mažojo kaimelio,3.0,14.0
66700,2.0,47.7,4.0,Debrecene,5.0,7.0
89000,3.0,86.41,3.0,Centre,4.0,85.0
22000,1.0,18.0,5.0,Vėtrungėje,5.0,41.0
55000,2.0,52.0,5.0,Debrecene,5.0,52.0
123000,3.0,79.0,6.0,Alksnynėje,9.0,13.0
89999,2.0,45.0,1.0,Tauralaukyje,4.0,4.0
97000,2.0,53.0,3.0,Mažojo kaimelio,3.0,7.0
28000,1.0,32.0,2.0,Rumpiškėse,5.0,32.0
66500,3.0,51.0,5.0,Centre,5.0,61.0
129000,3.0,97.0,4.0,Žardininkuose,6.0,18.0
56000,2.0,47.0,2.0,Žardininkuose,5.0,46.0
70000,2.0,55.0,3.0,Bandužiuose,5.0,36.0
62000,3.0,71.0,2.0,Debrecene,5.0,51.0
45000,1.0,33.0,1.0,Laukininkuose,5.0,38.0
100000,2.0,67.0,6.0,Vėtrungėje,2.0,11.0
43999,1.0,33.0,2.0,Alksnynėje,5.0,42.0
58000,2.0,55.0,4.0,Bandužiuose,9.0,31.0
67000,3.0,65.0,5.0,Alksnynėje,5.0,27.0
140000,3.0,78.0,4.0,Centre,5.0,65.0
78900,3.0,78.0,1.0,Alksnynėje,5.0,41.0
76000,2.0,48.84,2.0,Centre,3.0,58.0
96000,2.0,64.0,3.0,Senamiestyje,3.0,65.0
58500,2.0,50.0,2.0,Žardininkuose,9.0,44.0
70000,2.0,38.0,3.0,Centre,3.0,61.0
75000,2.0,38.0,3.0,Centre,4.0,61.0
112000,2.0,70.0,3.0,Miško,3.0,14.0
69000,3.0,64.0,3.0,Žardininkuose,9.0,47.0
89565,3.0,65.71,3.0,Baltijos,7.0,2.0
91500,2.0,56.0,2.0,Senamiestyje,5.0,13.0
80000,2.0,40.0,1.0,Centre,3.0,1.0
64000,3.0,78.0,4.0,Varpuose,5.0,25.0
157000,5.0,125.0,4.0,Klaipėdoje,5.0,13.0
115000,2.0,70.0,1.0,Centre,2.0,76.0
91500,2.0,56.0,2.0,Centre,5.0,13.0
92999,3.0,65.0,2.0,Centre,4.0,2.0
65000,3.0,65.0,3.0,Alksnynėje,5.0,27.0
63000,3.0,78.0,3.0,Bandužiuose,5.0,32.0
103200,2.0,42.0,4.0,Mažojo kaimelio,4.0,3.0
82000,2.0,42.0,2.0,Senamiestyje,3.0,5.0
135000,3.0,89.0,1.0,Vėtrungėje,3.0,11.0
56000,3.0,78.0,3.0,Bandužiuose,1.0,31.0
53500,2.0,55.0,5.0,Bandužiuose,5.0,33.0
85000,2.0,58.0,3.0,Varpuose,5.0,18.0
62000,3.0,78.0,2.0,Bandužiuose,9.0,32.0
110000,3.0,100.0,2.0,Žvejybos uostas,3.0,65.0
43000,3.0,74.0,9.0,Žvejybos uostas,9.0,40.0
94500,2.0,65.0,2.0,Debrecene,5.0,16.0
115900,3.0,80.0,2.0,Vėtrungėje,2.0,16.0
140000,3.0,84.0,5.0,Centre,5.0,16.0
53900,2.0,61.0,5.0,Varpuose,9.0,28.0
131900,3.0,85.0,2.0,Kauno,6.0,16.0
53000,2.0,52.0,5.0,Klaipėdoje,5.0,52.0
135000,3.0,82.0,1.0,Vėtrungėje,3.0,12.0
90000,3.0,78.0,2.0,Centre,2.0,82.0
140000,3.0,82.0,1.0,Vėtrungėje,3.0,12.0
91500,2.0,56.0,2.0,Klaipėdoje,5.0,13.0
135000,3.0,82.0,1.0,Vėtrungėje,3.0,11.0
46900,2.0,48.0,4.0,Žvejybos uostas,5.0,41.0
79000,3.0,70.0,1.0,Alksnynėje,5.0,26.0
125000,4.0,97.0,3.0,Centre,3.0,61.0
20000,1.0,25.0,5.0,Debrecene,5.0,41.0
55000,1.0,34.0,3.0,Mažojo kaimelio,5.0,13.0
60000,3.0,76.0,8.0,Laukininkuose,9.0,33.0
38000,1.0,33.0,4.0,Naujakiemyje,5.0,47.0
60000,4.0,89.0,9.0,Bandužiuose,9.0,29.0
53000,2.0,55.0,4.0,Bandužiuose,9.0,30.0
60000,3.0,61.0,5.0,Žardininkuose,5.0,45.0
135000,3.0,82.0,9.0,Rumpiškėse,1.0,16.0
62999,3.0,78.0,4.0,Varpuose,5.0,25.0
57900,3.0,64.0,2.0,Žardininkuose,9.0,43.0
50000,2.0,47.0,5.0,Vingio,5.0,41.0
100000,3.0,72.0,2.0,Miško,3.0,12.0
66000,4.0,90.0,7.0,Bandužiuose,1.0,29.0
60000,3.0,60.0,4.0,Debrecene,5.0,46.0
51000,3.0,78.0,1.0,Bandužiuose,9.0,32.0
51000,3.0,78.0,1.0,Bandužiuose,9.0,32.0
57000,3.0,64.0,4.0,Naujakiemyje,5.0,49.0
58000,3.0,69.0,7.0,Debrecene,9.0,50.0
62000,3.0,64.0,5.0,Naujakiemyje,5.0,49.0
12500,1.0,19.0,3.0,Žvejybos uostas,4.0,54.0
110000,2.0,52.0,2.0,Centre,3.0,36.0
240000,4.0,122.0,3.0,Senamiestyje,3.0,18.0
53500,2.0,56.0,5.0,Bandužiuose,5.0,33.0
98000,4.0,86.0,2.0,Centre,5.0,53.0
58000,3.0,64.0,2.0,Žardininkuose,9.0,44.0
98442,3.0,66.0,4.0,Klaipėdoje,7.0,2.0
32000,2.0,62.0,1.0,Klaipėdoje,2.0,82.0
76000,2.0,48.0,2.0,Centre,3.0,58.0
39000,1.0,33.0,4.0,Žardininkuose,5.0,44.0
100000,3.0,63.0,4.0,Centre,5.0,101.0
69000,3.0,63.0,5.0,Naujakiemyje,5.0,49.0
104000,2.0,53.0,6.0,Miško,9.0,14.0
57000,3.0,64.0,7.0,Naujakiemyje,9.0,46.0
62500,4.0,78.0,3.0,Vingio,5.0,40.0
45300,1.0,44.0,3.0,Žvejybos uostas,5.0,41.0
55000,3.0,60.0,5.0,Žardininkuose,5.0,43.0
83000,2.0,40.0,3.0,Senamiestyje,3.0,82.0
164500,4.0,105.0,2.0,Centre,5.0,12.0
43000,2.0,35.0,4.0,Kauno,5.0,53.0
120000,3.0,79.0,6.0,Klaipėdoje,9.0,13.0
32000,1.0,38.0,4.0,Vėtrungėje,5.0,47.0
151000,2.0,89.0,3.0,Centre,3.0,14.0
67000,2.0,67.0,2.0,Debrecene,9.0,45.0
149000,4.0,145.0,3.0,Centre,4.0,104.0
95000,2.0,53.0,4.0,Senamiestyje,4.0,121.0
75000,3.0,68.0,2.0,Debrecene,9.0,48.0
41000,2.0,49.0,9.0,Debrecene,9.0,47.0
59000,3.0,74.0,3.0,Baltijos,5.0,51.0
49000,2.0,47.0,1.0,Vingio,5.0,37.0
170000,3.0,85.0,2.0,Senamiestyje,4.0,51.0
59999,3.0,61.0,3.0,Vingio,5.0,46.0
45500,2.0,44.0,7.0,Laukininkuose,9.0,33.0
62700,3.0,58.0,2.0,Baltijos,5.0,35.0
55000,2.0,61.0,5.0,Bandužiuose,9.0,28.0
55000,3.0,61.0,5.0,Žardininkuose,5.0,43.0
165000,4.0,105.0,2.0,Klaipėdoje,5.0,12.0
96570,3.0,66.0,2.0,Klaipėdoje,7.0,2.0
45000,2.0,47.0,5.0,Naujakiemyje,5.0,46.0
77000,3.0,52.0,4.0,Kauno,4.0,2.0
46000,2.0,55.0,9.0,Bandužiuose,9.0,31.0
69000,3.0,52.0,4.0,Kauno,4.0,2.0
67500,2.0,45.0,2.0,Klaipėdoje,4.0,2.0
75856,2.0,48.0,2.0,Klaipėdoje,7.0,2.0
56000,2.0,55.0,9.0,Vingio,9.0,31.0
59000,2.0,40.61,4.0,Kauno,4.0,2.0
129900,3.0,74.0,3.0,Tauralaukyje,4.0,8.0
47000,2.0,57.0,7.0,Žvejybos uostas,9.0,39.0
50000,3.0,64.0,9.0,Debrecene,9.0,49.0
53000,2.0,55.0,4.0,Bandužiuose,9.0,30.0
60500,2.0,51.0,3.0,Žvejybos uostas,5.0,27.0
62000,2.0,35.54,1.0,Vitėje,2.0,119.0
59000,2.0,40.0,4.0,Kauno,4.0,1.0
46900,2.0,47.0,4.0,Žvejybos uostas,5.0,41.0
50000,3.0,78.0,8.0,Bandužiuose,9.0,33.0
78900,2.0,51.0,2.0,Debrecene,5.0,15.0
48900,2.0,55.0,4.0,Žardininkuose,5.0,42.0
42000,2.0,40.0,5.0,Bandužiuose,5.0,32.0
72000,3.0,64.0,8.0,Žardininkuose,9.0,41.0
130000,4.0,113.0,2.0,Centre,3.0,84.0
54340,1.0,36.0,2.0,Klaipėdoje,7.0,2.0
50000,3.0,64.0,5.0,Vingio,5.0,41.0
49000,2.0,55.0,2.0,Bandužiuose,1.0,30.0
128000,3.0,78.0,5.0,Labrenciškėse,7.0,14.0
69500,2.0,66.0,3.0,Bandužiuose,5.0,32.0
39800,1.0,33.0,2.0,Žvejybos uostas,5.0,40.0
63000,2.0,48.0,4.0,Debrecene,5.0,43.0
62000,3.0,67.0,3.0,Debrecene,1.0,43.0
62000,3.0,61.0,4.0,Vingio,5.0,46.0
53000,3.0,76.0,5.0,Varpuose,5.0,31.0
117000,2.0,70.0,1.0,Vėtrungėje,2.0,12.0
80000,4.0,78.0,5.0,Vėtrungėje,5.0,43.0
165000,4.0,105.0,2.0,Centre,5.0,12.0
74000,3.0,61.0,4.0,Miško,5.0,47.0
110000,2.0,52.0,2.0,Klaipėdoje,3.0,36.0
72000,4.0,78.0,2.0,Vingio,5.0,46.0
65100,3.0,50.0,5.0,Žvejybos uostas,8.0,2.0
135000,3.0,78.0,4.0,Mažojo kaimelio,4.0,15.0
52000,2.0,48.0,6.0,Žvejybos uostas,9.0,40.0
65000,3.0,78.0,9.0,Bandužiuose,9.0,34.0
48000,2.0,55.0,6.0,Bandužiuose,9.0,32.0
193000,1.0,66.0,2.0,Vėtrungėje,2.0,12.0
74000,2.0,66.0,1.0,Alksnynėje,2.0,5.0
33000,1.0,30.0,4.0,Sportininkuose,4.0,40.0
47000,2.0,42.0,2.0,Klaipėdoje,2.0,61.0
53500,2.0,49.0,5.0,Klaipėdoje,5.0,53.0
152000,3.0,102.0,2.0,Senamiestyje,3.0,85.0
43800,2.0,35.0,4.0,Kauno,5.0,53.0
170000,3.0,101.0,5.0,Kauno,1.0,14.0
60000,4.0,89.0,9.0,Vingio,1.0,28.0
195000,3.0,80.0,5.0,Centre,6.0,15.0
68500,2.0,45.0,3.0,Centre,3.0,89.0
57200,2.0,42.0,6.0,Žvejybos uostas,8.0,2.0
72100,3.0,56.0,2.0,Žvejybos uostas,8.0,3.0
107000,3.0,65.0,2.0,Vėtrungėje,5.0,12.0
61000,3.0,54.0,3.0,Žvejybos uostas,3.0,68.0
48000,3.0,60.0,1.0,Žvejybos uostas,5.0,36.0
175000,3.0,77.0,1.0,Vėtrungėje,2.0,12.0
57000,2.0,57.0,1.0,Žvejybos uostas,5.0,22.0
35000,2.0,40.0,2.0,Mažojo kaimelio,2.0,90.0
100000,4.0,69.0,1.0,Senamiestyje,2.0,83.0
80000,3.0,77.0,6.0,Laukininkuose,1.0,31.0
229000,3.0,83.0,1.0,Centre,2.0,15.0
130000,3.0,62.0,3.0,Senamiestyje,3.0,46.0
145000,3.0,138.0,1.0,Mažojo kaimelio,2.0,17.0
76000,2.0,57.0,1.0,Mažojo kaimelio,4.0,16.0
129000,3.0,79.0,3.0,Vėtrungėje,2.0,42.0
58000,3.0,78.0,5.0,Laukininkuose,5.0,36.0
150000,3.0,81.0,2.0,Rumpiškėse,1.0,16.0
65000,4.0,62.0,4.0,Kauno,5.0,55.0
280000,4.0,185.0,2.0,Senamiestyje,2.0,91.0
92470,4.0,70.0,8.0,Žvejybos uostas,8.0,3.0
100000,2.0,41.0,2.0,Senamiestyje,3.0,5.0
110000,2.0,70.0,2.0,Tauralaukyje,5.0,13.0
31000,1.0,33.0,5.0,Žardininkuose,5.0,43.0
187680,5.0,125.0,4.0,Tauralaukyje,5.0,13.0
73000,3.0,77.0,4.0,Alksnynėje,5.0,33.0
65000,3.0,69.0,1.0,Alksnynėje,5.0,35.0
69000,2.0,51.0,3.0,Kauno,4.0,3.0
40000,2.0,48.0,5.0,Klaipėdoje,5.0,31.0
132000,4.0,132.0,2.0,Centre,3.0,91.0
49900,2.0,37.0,5.0,Alksnynėje,5.0,16.0
73000,2.0,40.0,4.0,Rumpiškėse,4.0,9.0
53500,3.0,77.0,8.0,Bandužiuose,1.0,29.0
63000,4.0,88.0,5.0,Laukininkuose,5.0,32.0
55000,3.0,77.0,6.0,Bandužiuose,9.0,33.0
90000,2.0,45.0,1.0,Tauralaukyje,4.0,4.0
62000,2.0,50.0,5.0,Centre,5.0,53.0
48300,3.0,61.0,4.0,Žvejybos uostas,5.0,57.0
230000,3.0,84.0,4.0,Centre,4.0,4.0
63000,2.0,43.0,1.0,Rumpiškėse,4.0,57.0
87200,4.0,69.0,7.0,Žvejybos uostas,8.0,3.0
119000,4.0,81.0,3.0,Centre,3.0,85.0
160000,5.0,125.0,3.0,Centre,3.0,68.0
99000,2.0,82.0,1.0,Žardininkuose,5.0,21.0
191000,3.0,84.0,1.0,Centre,2.0,15.0
55000,3.0,78.0,8.0,Bandužiuose,1.0,29.0
122500,2.0,86.0,1.0,Debrecene,5.0,15.0
125000,3.0,84.0,6.0,Vėtrungėje,7.0,15.0
180000,3.0,112.0,5.0,Senamiestyje,5.0,63.0
63000,2.0,34.0,2.0,Mokyklos,2.0,33.0
100000,3.0,72.0,1.0,Centre,3.0,54.0
180000,3.0,87.0,2.0,Centre,3.0,86.0
144810,3.0,72.0,3.0,Centre,4.0,28.0
47500,1.0,38.0,4.0,Mokyklos,5.0,39.0
49000,2.0,42.0,1.0,Žvejybos uostas,4.0,48.0
33000,1.0,34.0,5.0,Žvejybos uostas,5.0,41.0
68300,3.0,54.0,7.0,Alksnynėje,8.0,2.0
43000,2.0,47.0,5.0,Debrecene,5.0,43.0
59000,2.0,38.0,5.0,Centre,5.0,58.0
65000,3.0,55.0,1.0,Centre,4.0,46.0
87200,4.0,69.0,7.0,Žvejybos uostas,8.0,2.0
51000,2.0,38.0,3.0,Centre,5.0,58.0
57200,2.0,43.0,6.0,Alksnynėje,8.0,2.0
72000,3.0,78.0,4.0,Alksnynėje,5.0,34.0
62000,3.0,70.0,3.0,Žvejybos uostas,9.0,41.0
55000,2.0,66.0,5.0,Žvejybos uostas,5.0,38.0
76000,3.0,76.0,4.0,Vingio,5.0,39.0
64500,3.0,50.0,4.0,Sportininkuose,4.0,58.0
160000,3.0,94.0,2.0,Mažojo kaimelio,9.0,8.0
78000,3.0,62.0,9.0,Klaipėdoje,9.0,52.0
210000,5.0,142.0,4.0,Senamiestyje,4.0,61.0
75000,2.0,71.0,3.0,Mažojo kaimelio,3.0,21.0
210000,4.0,110.0,0.0,Giruliuose,2.0,11.0
62000,2.0,59.0,1.0,Bandužiuose,5.0,29.0
225000,3.0,95.0,1.0,Centre,2.0,51.0
15000,3.0,60.0,2.0,Paupiuose,2.0,81.0
54000,3.0,69.0,4.0,Vingio,9.0,39.0
144000,3.0,76.0,2.0,Senamiestyje,2.0,32.0
47500,2.0,38.0,4.0,Mokyklos,5.0,46.0
49500,2.0,38.0,4.0,Mokyklos,5.0,46.0
65000,3.0,62.0,5.0,Naujakiemyje,5.0,48.0
105000,3.0,57.0,1.0,Centre,1.0,15.0
108000,2.0,60.0,2.0,Senamiestyje,3.0,46.0
39000,2.0,44.0,2.0,Mokyklos,2.0,88.0
39000,2.0,44.0,4.0,Žvejybos uostas,4.0,61.0
65000,3.0,62.0,3.0,Alksnynėje,5.0,33.0
70900,3.0,54.0,8.0,Žvejybos uostas,8.0,2.0
50000,2.0,38.0,5.0,Rumpiškėse,5.0,57.0
130000,3.0,90.0,5.0,Centre,5.0,50.0
65000,2.0,51.0,5.0,Alksnynėje,5.0,26.0
66500,2.0,47.0,4.0,Debrecene,5.0,2.0
55000,3.0,78.0,7.0,Bandužiuose,9.0,30.0
82000,2.0,43.0,2.0,Centre,2.0,61.0
66000,3.0,61.0,4.0,Vingio,5.0,46.0
159000,4.0,170.0,3.0,Centre,3.0,113.0
54000,2.0,48.0,6.0,Žvejybos uostas,9.0,40.0
54500,3.0,55.0,5.0,Sportininkuose,5.0,57.0
59900,2.0,55.0,5.0,Varpuose,9.0,28.0
40000,1.0,37.0,5.0,Šiauliuose,5.0,33.0
58000,2.0,59.0,4.0,Bandužiuose,9.0,30.0
129000,3.0,96.0,4.0,Žardininkuose,6.0,14.0
69000,2.0,40.0,4.0,Rumpiškėse,4.0,9.0
58000,3.0,67.0,2.0,Naujakiemyje,9.0,46.0
60000,3.0,78.0,5.0,Bandužiuose,9.0,33.0
79900,2.0,44.0,3.0,Centre,5.0,57.0
62000,2.0,45.0,5.0,Centre,5.0,51.0
55000,2.0,37.0,1.0,Vėtrungėje,4.0,52.0
52000,2.0,44.0,3.0,Centre,5.0,54.0
83000,2.0,52.0,1.0,Smeltėje,2.0,12.0
61500,3.0,62.0,3.0,Alksnynėje,5.0,33.0
75000,4.0,70.0,3.0,Debrecene,5.0,52.0
62500,3.0,58.0,2.0,Žardininkuose,5.0,48.0
107000,3.0,65.0,1.0,Vėtrungėje,7.0,14.0
60500,1.0,29.0,4.0,Centre,5.0,42.0
58000,3.0,79.0,4.0,Laukininkuose,9.0,33.0
94000,3.0,90.0,4.0,Centre,5.0,40.0
155000,4.0,145.0,3.0,Centre,4.0,111.0
63000,4.0,79.0,1.0,Alksnynėje,5.0,40.0
88900,4.0,86.0,2.0,Kauno,5.0,53.0
47000,2.0,47.0,5.0,Debrecene,5.0,32.0
63000,4.0,79.0,1.0,Alksnynėje,5.0,29.0
89900,2.0,45.0,1.0,Tauralaukyje,4.0,3.0
62000,3.0,65.0,5.0,Laukininkuose,5.0,41.0
45500,2.0,47.0,5.0,Šiauliuose,5.0,46.0
59000,4.0,78.0,3.0,Žardininkuose,5.0,45.0
39500,1.0,34.0,5.0,Centre,5.0,57.0
189000,3.0,80.0,5.0,Centre,6.0,13.0
88500,4.0,86.0,2.0,Kauno,3.0,53.0
88000,2.0,50.0,5.0,Centre,5.0,56.0
38000,2.0,42.0,4.0,Žvejybos uostas,4.0,60.0
54500,1.0,36.5,4.0,Vitėje,4.0,34.0
49500,2.0,48.0,5.0,Debrecene,5.0,48.0
265000,3.0,78.0,1.0,Klaipėdoje,2.0,10.0
129000,3.0,79.0,3.0,Centre,9.0,12.0
53000,2.0,47.0,5.0,Laukininkuose,5.0,38.0
75000,2.0,52.0,1.0,Centre,5.0,64.0
50000,2.0,50.0,1.0,Žardininkuose,5.0,43.0
48000,3.0,52.0,1.0,Senamiestyje,2.0,89.0
55000,4.0,90.0,5.0,Vingio,5.0,33.0
98000,3.0,69.0,1.0,Centre,4.0,65.0
49000,3.0,64.0,3.0,Debrecene,9.0,50.0
44000,2.0,42.0,1.0,Centre,5.0,52.0
129900,4.0,115.0,4.0,Centre,4.0,63.0
75000,3.0,62.0,9.0,Baltijos,9.0,52.0
160000,5.0,124.0,3.0,Centre,3.0,63.0
59000,2.0,51.0,3.0,Klaipėdoje,5.0,37.0
66000,3.0,78.0,3.0,Bandužiuose,9.0,34.0
101500,4.0,84.59,5.0,Vėtrungėje,5.0,9.0
97000,4.0,84.59,2.0,Vėtrungėje,5.0,9.0
115000,3.0,80.0,2.0,Klaipėdoje,2.0,16.0
78000,3.0,55.0,1.0,Rumpiškėse,5.0,57.0
130000,3.0,62.0,3.0,Centre,3.0,45.0
90000,3.0,69.0,4.0,Klaipėdoje,5.0,17.0
77990,3.0,57.0,1.0,Klaipėdoje,4.0,2.0
75000,2.0,47.0,1.0,Alksnynėje,9.0,15.0
65000,3.0,77.0,7.0,Bandužiuose,9.0,27.0
200000,4.0,140.0,2.0,Centre,4.0,116.0
135000,4.0,88.0,7.0,Mažojo kaimelio,7.0,14.0
72000,3.0,78.0,3.0,Rumpiškėse,1.0,34.0
61000,4.0,78.0,1.0,Laukininkuose,5.0,37.0
39000,1.0,30.0,5.0,Mokyklos,5.0,59.0
69900,2.0,53.0,4.0,Alksnynėje,5.0,26.0
65500,3.0,78.5,3.0,Bandužiuose,9.0,34.0
46999,2.0,55.0,4.0,Žardininkuose,5.0,42.0
74999,2.0,46.0,4.0,Senamiestyje,4.0,55.0
89000,2.0,55.0,3.0,Senamiestyje,5.0,64.0
254000,3.0,126.0,1.0,Giruliuose,3.0,15.0
83491,3.0,57.58,2.0,Centre,4.0,2.0
100000,2.0,43.0,1.0,Senamiestyje,2.0,101.0
164000,4.0,105.0,2.0,Centre,5.0,12.0
63000,3.0,61.0,4.0,Baltijos,5.0,51.0
62900,2.0,52.0,5.0,Alksnynėje,5.0,35.0
68999,3.0,78.0,1.0,Bandužiuose,5.0,34.0
96000,3.0,69.0,7.0,Alksnynėje,9.0,15.0
99900,2.0,40.0,2.0,Senamiestyje,3.0,5.0
39800,2.0,52.0,5.0,Žvejybos uostas,5.0,39.0
39000,1.0,43.0,5.0,Laukininkuose,5.0,30.0
54999,2.0,52.0,4.0,Žvejybos uostas,5.0,33.0
110000,3.0,84.0,3.0,Senamiestyje,4.0,67.0
44000,3.0,74.0,9.0,Žvejybos uostas,9.0,40.0
79000,4.0,90.0,4.0,Bandužiuose,9.0,35.0
139000,4.0,93.0,3.0,Centre,3.0,72.0
105000,3.0,57.0,1.0,Kauno,1.0,15.0
79000,3.0,78.0,1.0,Gedminuose,5.0,41.0
89000,3.0,87.0,2.0,Centre,3.0,86.0
65000,3.0,63.0,4.0,Naujakiemyje,5.0,41.0
180000,3.0,100.0,9.0,Mažojo kaimelio,9.0,10.0
44000,2.0,47.0,1.0,Debrecene,5.0,50.0
47000,2.0,53.0,4.0,Debrecene,9.0,51.0
55000,2.0,38.0,5.0,Centre,5.0,57.0
55000,3.0,60.0,5.0,Alksnynėje,5.0,14.0
81000,2.0,70.0,3.0,Centre,2.0,11.0
55500,3.0,78.0,9.0,Bandužiuose,1.0,29.0
63000,3.0,78.0,8.0,Bandužiuose,1.0,29.0
63000,4.0,78.0,1.0,Laukininkuose,5.0,32.0
98095,3.0,66.73,3.0,Centre,7.0,0.0
90620,3.0,65.62,7.0,Baltijos,7.0,2.0
51500,4.0,78.0,4.0,Naujakiemyje,5.0,46.0
87000,2.0,67.0,5.0,Alksnynėje,2.0,12.0
46000,3.0,64.0,5.0,Žvejybos uostas,9.0,43.0
56000,2.0,41.0,2.0,Centre,5.0,57.0
65000,3.0,65.0,5.0,Naujakiemyje,5.0,45.0
51000,2.0,54.0,4.0,Alksnynėje,5.0,30.0
65000,3.0,65.0,5.0,Žardininkuose,5.0,45.0
80000,3.0,62.0,9.0,Baltijos,9.0,52.0
50000,2.0,48.0,5.0,Centre,5.0,31.0
62000,2.0,50.0,3.0,Debrecene,9.0,43.0
60000,3.0,66.0,3.0,Alksnynėje,5.0,31.0
48000,2.0,57.0,2.0,Bandužiuose,1.0,27.0
48500,2.0,55.0,1.0,Bandužiuose,9.0,33.0
82000,3.0,66.0,4.0,Centre,5.0,42.0
110000,2.0,75.0,3.0,Senamiestyje,4.0,111.0
92000,3.0,65.0,2.0,Alksnynėje,2.0,10.0
113000,3.0,74.0,3.0,Mažojo kaimelio,4.0,13.0
62000,2.0,47.0,2.0,Debrecene,5.0,42.0
65000,3.0,65.0,8.0,Žardininkuose,9.0,44.0
52000,3.0,56.0,5.0,Debrecene,5.0,52.0
81000,3.0,66.0,2.0,Baltijos,1.0,45.0
56000,2.0,49.0,4.0,Vingio,9.0,41.0
75000,4.0,90.0,4.0,Bandužiuose,9.0,35.0
50000,2.0,55.0,6.0,Baltijos,9.0,54.0
53000,2.0,50.0,7.0,Vingio,1.0,29.0
75000,2.0,51.35,3.0,Kauno,4.0,4.0
129000,3.0,76.0,2.0,Centre,3.0,12.0
34999,2.0,56.0,5.0,Paupiuose,5.0,50.0
83000,2.0,53.5,2.0,Mažojo kaimelio,5.0,6.0
119000,3.0,84.0,3.0,Senamiestyje,4.0,120.0
148000,3.0,84.0,1.0,Centre,3.0,24.0
255000,4.0,100.0,1.0,Giruliuose,2.0,5.0
94500,2.0,68.0,2.0,Debrecene,6.0,15.0
58000,3.0,65.0,4.0,Mokyklos,5.0,46.0
36500,1.0,26.0,5.0,Kauno,5.0,51.0
550000,2.0,147.0,2.0,Centre,2.0,15.0
857150,3.0,217.0,2.0,Centre,2.0,15.0
95000,2.0,58.0,4.0,Alksnynėje,9.0,8.0
59900,3.0,64.0,5.0,Alksnynėje,5.0,45.0
90000,3.0,60.0,4.0,Tauralaukyje,4.0,3.0
42999,2.0,42.0,1.0,Centre,5.0,85.0
67499,3.0,78.0,2.0,Bandužiuose,5.0,31.0
78999,4.0,90.0,4.0,Bandužiuose,9.0,32.0
200000,2.0,59.39,2.0,Centre,2.0,15.0
165000,4.0,105.0,2.0,Centre,5.0,12.0
68999,3.0,64.0,3.0,Alksnynėje,5.0,31.0
117000,4.0,75.0,2.0,Centre,3.0,118.0
65000,1.0,36.0,1.0,Alksnynėje,2.0,12.0
75000,3.0,78.0,2.0,Bandužiuose,9.0,30.0
77000,2.0,54.0,8.0,Baltijos,1.0,16.0
165000,7.0,170.0,3.0,Sportininkuose,4.0,13.0
56000,2.0,50.0,4.0,Žardininkuose,9.0,46.0
65000,3.0,78.0,3.0,Bandužiuose,3.0,35.0
38000,1.0,36.0,1.0,Bandužiuose,5.0,36.0
210000,4.0,102.0,1.0,Palangos g.,3.0,17.0
157000,4.0,128.0,2.0,Centre,5.0,47.0
125000,3.0,67.0,2.0,Senamiestyje,4.0,47.0
54000,3.0,72.0,2.0,Žvejybos uostas,3.0,65.0
12000,1.0,19.0,2.0,Baltijos,5.0,48.0
49000,2.0,47.0,1.0,Vingio,5.0,36.0
74000,3.0,85.0,4.0,Žvejybos uostas,5.0,31.0
57000,2.0,62.52,5.0,Poilsio,5.0,36.0
79000,4.0,76.0,4.0,Alksnynėje,5.0,31.0
60000,3.0,61.0,5.0,Baltijos,5.0,40.0
103000,3.0,76.0,2.0,Centre,3.0,91.0
67500,3.0,79.0,4.0,Alksnynėje,5.0,38.0
117000,5.0,113.0,3.0,Centre,4.0,85.0
65500,3.0,77.0,9.0,Alksnynėje,1.0,31.0
75000,4.0,89.0,2.0,Laukininkuose,9.0,26.0
40000,2.0,43.0,4.0,Jūrininkų pr.,5.0,31.0
60000,3.0,65.0,5.0,Smeltėje,9.0,43.0
380000,5.0,130.0,3.0,Centre,4.0,63.0
110000,3.0,67.0,5.0,Centre,5.0,43.0
75000,4.0,80.0,4.0,Kauno,9.0,18.0
70000,3.0,70.0,2.0,Žvejybos uostas,3.0,64.0
33000,1.0,33.0,1.0,Žvejybos uostas,3.0,64.0
95000,3.0,78.0,3.0,Senamiestyje,3.0,121.0
35000,1.0,33.0,4.0,Miško,5.0,43.0
67000,4.0,90.0,4.0,Baltijos pr.,5.0,52.0
101367,2.0,60.0,2.0,Centre,3.0,63.0
42000,2.0,45.0,4.0,Baltijos,5.0,53.0
89782,2.0,57.0,3.0,Tauralaukyje,4.0,14.0
107000,2.0,58.0,5.0,Taikos pr.,1.0,10.0
60241,2.0,40.0,6.0,Žvejybos uostas,1.0,14.0
159291,4.0,167.0,3.0,Miško,4.0,25.0
62268,2.0,48.0,2.0,Centre,4.0,63.0
63716,3.0,64.0,6.0,Vingio,9.0,39.0
50684,4.0,89.0,4.0,Bandužiuose,9.0,34.0
83990,2.0,57.0,6.0,Taikos pr.,9.0,14.0
450,2.0,69.0,1.0,Alksnynėje,2.0,4.0
